Target,pdb_id,Warhead,Residue_ID,Variant,Chain,atom_id,exact_atom,x,y,z,Exposure_A2,AtomIndex,AtomSymbol,SMILES
CRBN,5yj1,6EL,501,1,S,733,O,-7.719,-32.264,41.71,11.786,18,O,c1ccc2c(c1)C(=O)N(C2=O)[C@@H]3CCC(=O)NC3=O
CRBN,5yj1,6EL,501,1,S,741,N,-7.791,-32.398,44.422,1.094,8,N,c1ccc2c(c1)C(=O)N(C2=O)[C@@H]3CCC(=O)NC3=O
CRBN,5yj1,6EL,501,1,S,742,CAN,-8.245,-33.551,44.936,4.831,6,C,c1ccc2c(c1)C(=O)N(C2=O)[C@@H]3CCC(=O)NC3=O
CRBN,5yj1,6EL,501,1,S,743,OAC,-9.448,-33.766,45.213,20.358,7,O,c1ccc2c(c1)C(=O)N(C2=O)[C@@H]3CCC(=O)NC3=O
CRBN,5yj1,6EL,501,1,S,744,CAO,-6.479,-32.509,44.355,1.208,9,C,c1ccc2c(c1)C(=O)N(C2=O)[C@@H]3CCC(=O)NC3=O
CRBN,5yj1,6EL,501,1,S,745,OAD,-5.766,-31.534,44.021,3.214,10,O,c1ccc2c(c1)C(=O)N(C2=O)[C@@H]3CCC(=O)NC3=O
CRBN,5yj1,6EL,501,1,S,746,CAQ,-6.034,-33.552,45.148,4.831,3,C,c1ccc2c(c1)C(=O)N(C2=O)[C@@H]3CCC(=O)NC3=O
CRBN,5yj1,6EL,501,1,S,747,CAP,-7.177,-34.237,45.529,4.831,4,C,c1ccc2c(c1)C(=O)N(C2=O)[C@@H]3CCC(=O)NC3=O
CRBN,5yj1,6EL,501,1,S,748,CAH,-4.766,-34.064,45.378,20.53,2,C,c1ccc2c(c1)C(=O)N(C2=O)[C@@H]3CCC(=O)NC3=O
CRBN,5yj1,6EL,501,1,S,749,CAF,-4.643,-35.255,46.09,36.229,1,C,c1ccc2c(c1)C(=O)N(C2=O)[C@@H]3CCC(=O)NC3=O
CRBN,5yj1,6EL,501,1,S,750,CAE,-5.786,-35.96,46.474,33.814,0,C,c1ccc2c(c1)C(=O)N(C2=O)[C@@H]3CCC(=O)NC3=O
CRBN,5yj1,6EL,501,1,S,751,CAG,-7.057,-35.481,46.143,30.191,5,C,c1ccc2c(c1)C(=O)N(C2=O)[C@@H]3CCC(=O)NC3=O
CRBN,5yiz,EF2,501,1,n,722,O01,-34.093,-69.314,28.212,11.786,18,O,c1ccc2c(c1)C(=O)N(C2=O)[C@H]3CCC(=O)NC3=O
CRBN,5yiz,EF2,501,1,n,731,C11,-35.986,-72.241,23.011,33.814,0,C,c1ccc2c(c1)C(=O)N(C2=O)[C@H]3CCC(=O)NC3=O
CRBN,5yiz,EF2,501,1,n,732,C12,-36.484,-71.058,23.551,31.398,5,C,c1ccc2c(c1)C(=O)N(C2=O)[C@H]3CCC(=O)NC3=O
CRBN,5yiz,EF2,501,1,n,733,C13,-36.377,-70.832,24.916,2.415,4,C,c1ccc2c(c1)C(=O)N(C2=O)[C@H]3CCC(=O)NC3=O
CRBN,5yiz,EF2,501,1,n,734,C14,-35.776,-71.781,25.736,3.623,3,C,c1ccc2c(c1)C(=O)N(C2=O)[C@H]3CCC(=O)NC3=O
CRBN,5yiz,EF2,501,1,n,735,O16,-37.319,-68.75,25.392,21.429,7,O,c1ccc2c(c1)C(=O)N(C2=O)[C@H]3CCC(=O)NC3=O
CRBN,5yiz,EF2,501,1,n,737,C19,-35.307,-72.984,25.205,21.737,2,C,c1ccc2c(c1)C(=O)N(C2=O)[C@H]3CCC(=O)NC3=O
CRBN,5yiz,EF2,501,1,n,738,C20,-35.413,-73.206,23.836,37.436,1,C,c1ccc2c(c1)C(=O)N(C2=O)[C@H]3CCC(=O)NC3=O
CRBN,5yiz,EF2,501,1,n,740,C4,-36.705,-69.759,25.742,4.831,6,C,c1ccc2c(c1)C(=O)N(C2=O)[C@H]3CCC(=O)NC3=O
CRBN,4tzc,EF2,504,1,A,740,O01,24.554,-36.314,-70.179,12.858,18,O,c1ccc2c(c1)C(=O)N(C2=O)[C@H]3CCC(=O)NC3=O
CRBN,4tzc,EF2,504,1,A,749,C11,22.449,-42.266,-70.136,36.229,0,C,c1ccc2c(c1)C(=O)N(C2=O)[C@H]3CCC(=O)NC3=O
CRBN,4tzc,EF2,504,1,A,750,C12,23.283,-41.303,-69.536,21.737,5,C,c1ccc2c(c1)C(=O)N(C2=O)[C@H]3CCC(=O)NC3=O
CRBN,4tzc,EF2,504,1,A,751,C13,22.789,-40.01,-69.457,4.831,4,C,c1ccc2c(c1)C(=O)N(C2=O)[C@H]3CCC(=O)NC3=O
CRBN,4tzc,EF2,504,1,A,752,C14,21.557,-39.668,-69.932,7.246,3,C,c1ccc2c(c1)C(=O)N(C2=O)[C@H]3CCC(=O)NC3=O
CRBN,4tzc,EF2,504,1,A,753,O16,24.656,-38.649,-68.323,2.143,7,O,c1ccc2c(c1)C(=O)N(C2=O)[C@H]3CCC(=O)NC3=O
CRBN,4tzc,EF2,504,1,A,754,O18,20.326,-37.385,-69.957,24.644,10,O,c1ccc2c(c1)C(=O)N(C2=O)[C@H]3CCC(=O)NC3=O
CRBN,4tzc,EF2,504,1,A,755,C19,20.7,-40.603,-70.518,28.983,2,C,c1ccc2c(c1)C(=O)N(C2=O)[C@H]3CCC(=O)NC3=O
CRBN,4tzc,EF2,504,1,A,756,C20,21.174,-41.922,-70.626,33.814,1,C,c1ccc2c(c1)C(=O)N(C2=O)[C@H]3CCC(=O)NC3=O
CRBN,4tzc,EF2,504,1,A,757,C3,21.452,-38.217,-69.617,6.038,9,C,c1ccc2c(c1)C(=O)N(C2=O)[C@H]3CCC(=O)NC3=O
CRBN,4tzc,EF2,502,1,C,736,O01,35.957,-1.811,-46.915,10.715,18,O,c1ccc2c(c1)C(=O)N(C2=O)[C@H]3CCC(=O)NC3=O
CRBN,4tzc,EF2,502,1,C,745,C11,42.016,-1.965,-48.467,37.436,0,C,c1ccc2c(c1)C(=O)N(C2=O)[C@H]3CCC(=O)NC3=O
CRBN,4tzc,EF2,502,1,C,746,C12,41.015,-2.546,-47.675,25.36,5,C,c1ccc2c(c1)C(=O)N(C2=O)[C@H]3CCC(=O)NC3=O
CRBN,4tzc,EF2,502,1,C,747,C13,39.752,-2.695,-48.253,3.623,4,C,c1ccc2c(c1)C(=O)N(C2=O)[C@H]3CCC(=O)NC3=O
CRBN,4tzc,EF2,502,1,C,748,C14,39.484,-2.304,-49.537,6.038,3,C,c1ccc2c(c1)C(=O)N(C2=O)[C@H]3CCC(=O)NC3=O
CRBN,4tzc,EF2,502,1,C,749,O16,38.292,-3.775,-46.433,2.143,7,O,c1ccc2c(c1)C(=O)N(C2=O)[C@H]3CCC(=O)NC3=O
CRBN,4tzc,EF2,502,1,C,750,O18,37.273,-2.376,-50.916,20.358,10,O,c1ccc2c(c1)C(=O)N(C2=O)[C@H]3CCC(=O)NC3=O
CRBN,4tzc,EF2,502,1,C,751,C19,40.455,-1.729,-50.347,31.398,2,C,c1ccc2c(c1)C(=O)N(C2=O)[C@H]3CCC(=O)NC3=O
CRBN,4tzc,EF2,502,1,C,752,C20,41.737,-1.561,-49.791,35.021,1,C,c1ccc2c(c1)C(=O)N(C2=O)[C@H]3CCC(=O)NC3=O
CRBN,4tzc,EF2,502,1,C,753,C3,38.049,-2.666,-49.727,6.038,9,C,c1ccc2c(c1)C(=O)N(C2=O)[C@H]3CCC(=O)NC3=O
CRBN,4tzc,EF2,502,1,C,754,C4,38.455,-3.241,-47.767,1.208,6,C,c1ccc2c(c1)C(=O)N(C2=O)[C@H]3CCC(=O)NC3=O
CRBN,5yiz,EF2,501,1,q,733,O01,-42.384,-55.154,67.967,10.715,18,O,c1ccc2c(c1)C(=O)N(C2=O)[C@H]3CCC(=O)NC3=O
CRBN,5yiz,EF2,501,1,q,742,C11,-37.253,-57.08,70.417,35.021,0,C,c1ccc2c(c1)C(=O)N(C2=O)[C@H]3CCC(=O)NC3=O
CRBN,5yiz,EF2,501,1,q,743,C12,-38.509,-57.43,69.917,18.114,5,C,c1ccc2c(c1)C(=O)N(C2=O)[C@H]3CCC(=O)NC3=O
CRBN,5yiz,EF2,501,1,q,744,C13,-38.969,-56.854,68.735,4.831,4,C,c1ccc2c(c1)C(=O)N(C2=O)[C@H]3CCC(=O)NC3=O
CRBN,5yiz,EF2,501,1,q,745,C14,-38.171,-55.94,68.057,6.038,3,C,c1ccc2c(c1)C(=O)N(C2=O)[C@H]3CCC(=O)NC3=O
CRBN,5yiz,EF2,501,1,q,746,O16,-41.088,-57.673,68.295,1.071,7,O,c1ccc2c(c1)C(=O)N(C2=O)[C@H]3CCC(=O)NC3=O
CRBN,5yiz,EF2,501,1,q,747,O18,-38.602,-54.663,66.154,21.429,10,O,c1ccc2c(c1)C(=O)N(C2=O)[C@H]3CCC(=O)NC3=O
CRBN,5yiz,EF2,501,1,q,748,C19,-36.928,-55.57,68.567,28.983,2,C,c1ccc2c(c1)C(=O)N(C2=O)[C@H]3CCC(=O)NC3=O
CRBN,5yiz,EF2,501,1,q,749,C20,-36.453,-56.171,69.729,36.229,1,C,c1ccc2c(c1)C(=O)N(C2=O)[C@H]3CCC(=O)NC3=O
CRBN,5yiz,EF2,501,1,q,750,C3,-38.948,-55.495,66.989,6.038,9,C,c1ccc2c(c1)C(=O)N(C2=O)[C@H]3CCC(=O)NC3=O
CRBN,5yj1,6EL,501,1,h,733,O,-66.697,-48.08,-1.677,9.643,18,O,c1ccc2c(c1)C(=O)N(C2=O)[C@@H]3CCC(=O)NC3=O
CRBN,5yj1,6EL,501,1,h,741,N,-64.429,-49.539,-2.253,1.094,8,N,c1ccc2c(c1)C(=O)N(C2=O)[C@@H]3CCC(=O)NC3=O
CRBN,5yj1,6EL,501,1,h,742,CAN,-64.156,-50.586,-1.456,6.038,6,C,c1ccc2c(c1)C(=O)N(C2=O)[C@@H]3CCC(=O)NC3=O
CRBN,5yj1,6EL,501,1,h,743,OAC,-63.563,-50.529,-0.354,19.286,7,O,c1ccc2c(c1)C(=O)N(C2=O)[C@@H]3CCC(=O)NC3=O
CRBN,5yj1,6EL,501,1,h,745,OAD,-65.487,-49.321,-4.223,2.143,10,O,c1ccc2c(c1)C(=O)N(C2=O)[C@@H]3CCC(=O)NC3=O
CRBN,5yj1,6EL,501,1,h,746,CAQ,-65.055,-51.412,-3.307,3.623,3,C,c1ccc2c(c1)C(=O)N(C2=O)[C@@H]3CCC(=O)NC3=O
CRBN,5yj1,6EL,501,1,h,747,CAP,-64.463,-51.78,-2.112,8.453,4,C,c1ccc2c(c1)C(=O)N(C2=O)[C@@H]3CCC(=O)NC3=O
CRBN,5yj1,6EL,501,1,h,748,CAH,-65.502,-52.355,-4.221,22.945,2,C,c1ccc2c(c1)C(=O)N(C2=O)[C@@H]3CCC(=O)NC3=O
CRBN,5yj1,6EL,501,1,h,749,CAF,-65.386,-53.702,-3.893,38.644,1,C,c1ccc2c(c1)C(=O)N(C2=O)[C@@H]3CCC(=O)NC3=O
CRBN,5yj1,6EL,501,1,h,750,CAE,-64.819,-54.081,-2.673,39.852,0,C,c1ccc2c(c1)C(=O)N(C2=O)[C@@H]3CCC(=O)NC3=O
CRBN,5yj1,6EL,501,1,h,751,CAG,-64.348,-53.121,-1.774,32.606,5,C,c1ccc2c(c1)C(=O)N(C2=O)[C@@H]3CCC(=O)NC3=O
CRBN,5yj0,EF2,501,1,b,733,O01,-58.402,-5.88,-1.617,12.858,18,O,c1ccc2c(c1)C(=O)N(C2=O)[C@H]3CCC(=O)NC3=O
CRBN,5yj0,EF2,501,1,b,742,C11,-63.638,-4.346,-4.252,35.021,0,C,c1ccc2c(c1)C(=O)N(C2=O)[C@H]3CCC(=O)NC3=O
CRBN,5yj0,EF2,501,1,b,743,C12,-62.36,-4.874,-4.403,22.945,5,C,c1ccc2c(c1)C(=O)N(C2=O)[C@H]3CCC(=O)NC3=O
CRBN,5yj0,EF2,501,1,b,744,C13,-61.87,-5.775,-3.465,2.415,4,C,c1ccc2c(c1)C(=O)N(C2=O)[C@H]3CCC(=O)NC3=O
CRBN,5yj0,EF2,501,1,b,745,C14,-62.649,-6.131,-2.372,3.623,3,C,c1ccc2c(c1)C(=O)N(C2=O)[C@H]3CCC(=O)NC3=O
CRBN,5yj0,EF2,501,1,b,746,O16,-59.723,-6.401,-4.1,1.071,7,O,c1ccc2c(c1)C(=O)N(C2=O)[C@H]3CCC(=O)NC3=O
CRBN,5yj0,EF2,501,1,b,747,O18,-62.22,-7.543,-0.57,21.429,10,O,c1ccc2c(c1)C(=O)N(C2=O)[C@H]3CCC(=O)NC3=O
CRBN,5yj0,EF2,501,1,b,748,C19,-63.929,-5.614,-2.222,30.191,2,C,c1ccc2c(c1)C(=O)N(C2=O)[C@H]3CCC(=O)NC3=O
CRBN,5yj0,EF2,501,1,b,749,C20,-64.429,-4.732,-3.174,37.436,1,C,c1ccc2c(c1)C(=O)N(C2=O)[C@H]3CCC(=O)NC3=O
CRBN,5yj0,EF2,501,1,b,750,C3,-61.893,-7.042,-1.645,4.831,9,C,c1ccc2c(c1)C(=O)N(C2=O)[C@H]3CCC(=O)NC3=O
CRBN,5yj0,EF2,501,1,b,751,C4,-60.632,-6.381,-3.269,1.208,6,C,c1ccc2c(c1)C(=O)N(C2=O)[C@H]3CCC(=O)NC3=O
CRBN,5yj0,EF2,501,1,S,733,O01,-7.757,-32.283,41.736,11.786,18,O,c1ccc2c(c1)C(=O)N(C2=O)[C@H]3CCC(=O)NC3=O
CRBN,5yj0,EF2,501,1,S,742,C11,-4.666,-35.017,46.157,35.021,0,C,c1ccc2c(c1)C(=O)N(C2=O)[C@H]3CCC(=O)NC3=O
CRBN,5yj0,EF2,501,1,S,743,C12,-4.875,-33.853,45.425,22.945,5,C,c1ccc2c(c1)C(=O)N(C2=O)[C@H]3CCC(=O)NC3=O
CRBN,5yj0,EF2,501,1,S,744,C13,-6.172,-33.45,45.135,4.831,4,C,c1ccc2c(c1)C(=O)N(C2=O)[C@H]3CCC(=O)NC3=O
CRBN,5yj0,EF2,501,1,S,745,C14,-7.251,-34.215,45.551,4.831,3,C,c1ccc2c(c1)C(=O)N(C2=O)[C@H]3CCC(=O)NC3=O
CRBN,5yj0,EF2,501,1,S,747,O18,-9.542,-33.933,45.234,21.429,10,O,c1ccc2c(c1)C(=O)N(C2=O)[C@H]3CCC(=O)NC3=O
CRBN,5yj0,EF2,501,1,S,748,C19,-7.046,-35.382,46.28,28.983,2,C,c1ccc2c(c1)C(=O)N(C2=O)[C@H]3CCC(=O)NC3=O
CRBN,5yj0,EF2,501,1,S,749,C20,-5.748,-35.78,46.582,36.229,1,C,c1ccc2c(c1)C(=O)N(C2=O)[C@H]3CCC(=O)NC3=O
CRBN,5yj0,EF2,501,1,S,750,C3,-8.381,-33.564,45.073,6.038,9,C,c1ccc2c(c1)C(=O)N(C2=O)[C@H]3CCC(=O)NC3=O
CRBN,5yj0,EF2,501,1,S,751,C4,-6.699,-32.439,44.335,1.208,6,C,c1ccc2c(c1)C(=O)N(C2=O)[C@H]3CCC(=O)NC3=O
CRBN,7bqv,F4U,501,1,A,858,O,-28.369,-20.615,-7.992,1.071,19,O,c1cc2c(cc1O)C(=O)N(C2=O)[C@H]3CCC(=O)NC3=O
CRBN,7bqv,F4U,501,1,A,864,CAA,-29.275,-17.039,-11.347,3.623,4,C,c1cc2c(cc1O)C(=O)N(C2=O)[C@H]3CCC(=O)NC3=O
CRBN,7bqv,F4U,501,1,A,865,CAB,-28.553,-16.258,-12.242,3.623,5,C,c1cc2c(cc1O)C(=O)N(C2=O)[C@H]3CCC(=O)NC3=O
CRBN,7bqv,F4U,501,1,A,866,CAC,-27.323,-15.76,-11.838,16.907,0,C,c1cc2c(cc1O)C(=O)N(C2=O)[C@H]3CCC(=O)NC3=O
CRBN,7bqv,F4U,501,1,A,867,CAD,-26.869,-16.071,-10.562,14.492,1,C,c1cc2c(cc1O)C(=O)N(C2=O)[C@H]3CCC(=O)NC3=O
CRBN,7bqv,F4U,501,1,A,868,CAE,-27.605,-16.821,-9.737,2.415,2,C,c1cc2c(cc1O)C(=O)N(C2=O)[C@H]3CCC(=O)NC3=O
CRBN,7bqv,F4U,501,1,A,870,CAG,-27.402,-17.254,-8.483,1.208,10,C,c1cc2c(cc1O)C(=O)N(C2=O)[C@H]3CCC(=O)NC3=O
CRBN,7bqv,F4U,501,1,A,873,OAS,-26.406,-16.993,-7.802,6.429,11,O,c1cc2c(cc1O)C(=O)N(C2=O)[C@H]3CCC(=O)NC3=O
CRBN,7bqv,F4U,501,1,A,874,OAT,-29.038,-15.991,-13.492,33.215,6,O,c1cc2c(cc1O)C(=O)N(C2=O)[C@H]3CCC(=O)NC3=O
CRBN,5yj1,6EL,501,1,k,741,O,-74.628,-63.294,40.855,12.858,18,O,c1ccc2c(c1)C(=O)N(C2=O)[C@@H]3CCC(=O)NC3=O
CRBN,5yj1,6EL,501,1,k,750,CAN,-75.379,-62.2,44.339,4.831,6,C,c1ccc2c(c1)C(=O)N(C2=O)[C@@H]3CCC(=O)NC3=O
CRBN,5yj1,6EL,501,1,k,751,OAC,-75.089,-60.983,44.242,19.286,7,O,c1ccc2c(c1)C(=O)N(C2=O)[C@@H]3CCC(=O)NC3=O
CRBN,5yj1,6EL,501,1,k,753,OAD,-75.18,-65.35,43.299,1.071,10,O,c1ccc2c(c1)C(=O)N(C2=O)[C@@H]3CCC(=O)NC3=O
CRBN,5yj1,6EL,501,1,k,754,CAQ,-76.669,-64.001,44.474,3.623,3,C,c1ccc2c(c1)C(=O)N(C2=O)[C@@H]3CCC(=O)NC3=O
CRBN,5yj1,6EL,501,1,k,755,CAP,-76.638,-62.647,44.757,3.623,4,C,c1ccc2c(c1)C(=O)N(C2=O)[C@@H]3CCC(=O)NC3=O
CRBN,5yj1,6EL,501,1,k,756,CAH,-77.735,-64.799,44.863,25.36,2,C,c1ccc2c(c1)C(=O)N(C2=O)[C@@H]3CCC(=O)NC3=O
CRBN,5yj1,6EL,501,1,k,757,CAF,-78.797,-64.214,45.543,35.021,1,C,c1ccc2c(c1)C(=O)N(C2=O)[C@@H]3CCC(=O)NC3=O
CRBN,5yj1,6EL,501,1,k,758,CAE,-78.778,-62.848,45.831,35.021,0,C,c1ccc2c(c1)C(=O)N(C2=O)[C@@H]3CCC(=O)NC3=O
CRBN,5yj1,6EL,501,1,k,759,CAG,-77.699,-62.053,45.432,31.398,5,C,c1ccc2c(c1)C(=O)N(C2=O)[C@@H]3CCC(=O)NC3=O
CRBN,5yj1,6EL,501,1,V,733,O,-32.131,-8.91,68.451,10.715,18,O,c1ccc2c(c1)C(=O)N(C2=O)[C@@H]3CCC(=O)NC3=O
CRBN,5yj1,6EL,501,1,V,742,CAN,-33.67,-5.901,67.497,3.623,6,C,c1ccc2c(c1)C(=O)N(C2=O)[C@@H]3CCC(=O)NC3=O
CRBN,5yj1,6EL,501,1,V,743,OAC,-34.474,-5.992,66.536,18.215,7,O,c1ccc2c(c1)C(=O)N(C2=O)[C@@H]3CCC(=O)NC3=O
CRBN,5yj1,6EL,501,1,V,744,CAO,-31.773,-5.773,68.489,1.208,9,C,c1ccc2c(c1)C(=O)N(C2=O)[C@@H]3CCC(=O)NC3=O
CRBN,5yj1,6EL,501,1,V,745,OAD,-30.706,-6.261,68.936,2.143,10,O,c1ccc2c(c1)C(=O)N(C2=O)[C@@H]3CCC(=O)NC3=O
CRBN,5yj1,6EL,501,1,V,746,CAQ,-32.633,-4.986,69.229,3.623,3,C,c1ccc2c(c1)C(=O)N(C2=O)[C@@H]3CCC(=O)NC3=O
CRBN,5yj1,6EL,501,1,V,747,CAP,-33.798,-4.921,68.485,2.415,4,C,c1ccc2c(c1)C(=O)N(C2=O)[C@@H]3CCC(=O)NC3=O
CRBN,5yj1,6EL,501,1,V,748,CAH,-32.451,-4.214,70.365,22.945,2,C,c1ccc2c(c1)C(=O)N(C2=O)[C@@H]3CCC(=O)NC3=O
CRBN,5yj1,6EL,501,1,V,749,CAF,-33.495,-3.394,70.784,33.814,1,C,c1ccc2c(c1)C(=O)N(C2=O)[C@@H]3CCC(=O)NC3=O
CRBN,5yj1,6EL,501,1,V,750,CAE,-34.692,-3.356,70.062,32.606,0,C,c1ccc2c(c1)C(=O)N(C2=O)[C@@H]3CCC(=O)NC3=O
CRBN,5yj1,6EL,501,1,V,751,CAG,-34.859,-4.14,68.919,28.983,5,C,c1ccc2c(c1)C(=O)N(C2=O)[C@@H]3CCC(=O)NC3=O
CRBN,5yiz,EF2,501,1,M,741,O01,-75.506,-23.403,67.845,12.858,18,O,c1ccc2c(c1)C(=O)N(C2=O)[C@H]3CCC(=O)NC3=O
CRBN,5yiz,EF2,501,1,M,747,C07,-77.69,-23.425,64.923,1.208,12,C,c1ccc2c(c1)C(=O)N(C2=O)[C@H]3CCC(=O)NC3=O
CRBN,5yiz,EF2,501,1,M,750,C11,-79.733,-27.35,70.107,31.398,0,C,c1ccc2c(c1)C(=O)N(C2=O)[C@H]3CCC(=O)NC3=O
CRBN,5yiz,EF2,501,1,M,751,C12,-79.491,-26.051,69.676,21.737,5,C,c1ccc2c(c1)C(=O)N(C2=O)[C@H]3CCC(=O)NC3=O
CRBN,5yiz,EF2,501,1,M,752,C13,-78.746,-25.833,68.521,2.415,4,C,c1ccc2c(c1)C(=O)N(C2=O)[C@H]3CCC(=O)NC3=O
CRBN,5yiz,EF2,501,1,M,753,C14,-78.201,-26.911,67.831,4.831,3,C,c1ccc2c(c1)C(=O)N(C2=O)[C@H]3CCC(=O)NC3=O
CRBN,5yiz,EF2,501,1,M,754,O16,-78.578,-23.53,68.195,2.143,7,O,c1ccc2c(c1)C(=O)N(C2=O)[C@H]3CCC(=O)NC3=O
CRBN,5yiz,EF2,501,1,M,755,O18,-76.868,-26.997,65.923,21.429,10,O,c1ccc2c(c1)C(=O)N(C2=O)[C@H]3CCC(=O)NC3=O
CRBN,5yiz,EF2,501,1,M,756,C19,-78.433,-28.217,68.262,30.191,2,C,c1ccc2c(c1)C(=O)N(C2=O)[C@H]3CCC(=O)NC3=O
CRBN,5yiz,EF2,501,1,M,757,C20,-79.237,-28.43,69.381,35.021,1,C,c1ccc2c(c1)C(=O)N(C2=O)[C@H]3CCC(=O)NC3=O
CRBN,5yiz,EF2,501,1,M,758,C3,-77.526,-26.361,66.742,3.623,9,C,c1ccc2c(c1)C(=O)N(C2=O)[C@H]3CCC(=O)NC3=O
CRBN,5yiz,EF2,501,1,M,759,C4,-78.317,-24.683,67.854,1.208,6,C,c1ccc2c(c1)C(=O)N(C2=O)[C@H]3CCC(=O)NC3=O
CRBN,5yiz,EF2,501,1,D,762,O01,-43.265,7.359,-13.021,12.858,18,O,c1ccc2c(c1)C(=O)N(C2=O)[C@H]3CCC(=O)NC3=O
CRBN,5yiz,EF2,501,1,D,768,C07,-41.763,10.412,-11.942,1.208,12,C,c1ccc2c(c1)C(=O)N(C2=O)[C@H]3CCC(=O)NC3=O
CRBN,5yiz,EF2,501,1,D,771,C11,-44.791,10.627,-18.159,35.021,0,C,c1ccc2c(c1)C(=O)N(C2=O)[C@H]3CCC(=O)NC3=O
CRBN,5yiz,EF2,501,1,D,772,C12,-43.538,10.418,-17.589,30.191,5,C,c1ccc2c(c1)C(=O)N(C2=O)[C@H]3CCC(=O)NC3=O
CRBN,5yiz,EF2,501,1,D,773,C13,-43.437,10.176,-16.22,3.623,4,C,c1ccc2c(c1)C(=O)N(C2=O)[C@H]3CCC(=O)NC3=O
CRBN,5yiz,EF2,501,1,D,774,C14,-44.578,10.144,-15.428,6.038,3,C,c1ccc2c(c1)C(=O)N(C2=O)[C@H]3CCC(=O)NC3=O
CRBN,5yiz,EF2,501,1,D,775,O16,-41.178,9.904,-15.669,20.358,7,O,c1ccc2c(c1)C(=O)N(C2=O)[C@H]3CCC(=O)NC3=O
CRBN,5yiz,EF2,501,1,D,776,O18,-44.886,9.722,-13.159,1.071,10,O,c1ccc2c(c1)C(=O)N(C2=O)[C@H]3CCC(=O)NC3=O
CRBN,5yiz,EF2,501,1,D,777,C19,-45.837,10.303,-16.01,24.153,2,C,c1ccc2c(c1)C(=O)N(C2=O)[C@H]3CCC(=O)NC3=O
CRBN,5yiz,EF2,501,1,D,778,C20,-45.944,10.56,-17.377,36.229,1,C,c1ccc2c(c1)C(=O)N(C2=O)[C@H]3CCC(=O)NC3=O
CRBN,5yiz,EF2,501,1,D,780,C4,-42.36,10.042,-15.345,8.453,6,C,c1ccc2c(c1)C(=O)N(C2=O)[C@H]3CCC(=O)NC3=O
CRBN,5yj1,6EL,501,1,G,766,O,-28.057,5.543,27.027,11.786,18,O,c1ccc2c(c1)C(=O)N(C2=O)[C@@H]3CCC(=O)NC3=O
CRBN,5yj1,6EL,501,1,G,775,CAN,-29.848,2.754,25.89,6.038,6,C,c1ccc2c(c1)C(=O)N(C2=O)[C@@H]3CCC(=O)NC3=O
CRBN,5yj1,6EL,501,1,G,776,OAC,-29.183,2.163,25.008,18.215,7,O,c1ccc2c(c1)C(=O)N(C2=O)[C@@H]3CCC(=O)NC3=O
CRBN,5yj1,6EL,501,1,G,777,CAO,-30.75,4.301,27.06,1.208,9,C,c1ccc2c(c1)C(=O)N(C2=O)[C@@H]3CCC(=O)NC3=O
CRBN,5yj1,6EL,501,1,G,778,OAD,-31.13,5.446,27.403,3.214,10,O,c1ccc2c(c1)C(=O)N(C2=O)[C@@H]3CCC(=O)NC3=O
CRBN,5yj1,6EL,501,1,G,779,CAQ,-31.133,3.121,27.662,4.831,3,C,c1ccc2c(c1)C(=O)N(C2=O)[C@@H]3CCC(=O)NC3=O
CRBN,5yj1,6EL,501,1,G,780,CAP,-30.508,2.118,26.94,4.831,4,C,c1ccc2c(c1)C(=O)N(C2=O)[C@@H]3CCC(=O)NC3=O
CRBN,5yj1,6EL,501,1,G,781,CAH,-31.864,2.844,28.805,22.945,2,C,c1ccc2c(c1)C(=O)N(C2=O)[C@@H]3CCC(=O)NC3=O
CRBN,5yj1,6EL,501,1,G,782,CAF,-32.014,1.514,29.187,31.398,1,C,c1ccc2c(c1)C(=O)N(C2=O)[C@@H]3CCC(=O)NC3=O
CRBN,5yj1,6EL,501,1,G,783,CAE,-31.419,0.493,28.439,36.229,0,C,c1ccc2c(c1)C(=O)N(C2=O)[C@@H]3CCC(=O)NC3=O
CRBN,5yj1,6EL,501,1,G,784,CAG,-30.676,0.789,27.296,28.983,5,C,c1ccc2c(c1)C(=O)N(C2=O)[C@@H]3CCC(=O)NC3=O
CRBN,5yj0,EF2,501,1,q,733,O01,-42.592,-55.232,68.112,10.715,18,O,c1ccc2c(c1)C(=O)N(C2=O)[C@H]3CCC(=O)NC3=O
CRBN,5yj0,EF2,501,1,q,742,C11,-37.369,-57.186,70.495,33.814,0,C,c1ccc2c(c1)C(=O)N(C2=O)[C@H]3CCC(=O)NC3=O
CRBN,5yj0,EF2,501,1,q,743,C12,-38.643,-57.521,70.046,19.322,5,C,c1ccc2c(c1)C(=O)N(C2=O)[C@H]3CCC(=O)NC3=O
CRBN,5yj0,EF2,501,1,q,744,C13,-39.132,-56.959,68.872,4.831,4,C,c1ccc2c(c1)C(=O)N(C2=O)[C@H]3CCC(=O)NC3=O
CRBN,5yj0,EF2,501,1,q,745,C14,-38.353,-56.046,68.175,6.038,3,C,c1ccc2c(c1)C(=O)N(C2=O)[C@H]3CCC(=O)NC3=O
CRBN,5yj0,EF2,501,1,q,746,O16,-41.279,-57.763,68.499,1.071,7,O,c1ccc2c(c1)C(=O)N(C2=O)[C@H]3CCC(=O)NC3=O
CRBN,5yj0,EF2,501,1,q,747,O18,-38.785,-54.798,66.264,21.429,10,O,c1ccc2c(c1)C(=O)N(C2=O)[C@H]3CCC(=O)NC3=O
CRBN,5yj0,EF2,501,1,q,748,C19,-37.09,-55.688,68.633,27.775,2,C,c1ccc2c(c1)C(=O)N(C2=O)[C@H]3CCC(=O)NC3=O
CRBN,5yj0,EF2,501,1,q,749,C20,-36.587,-56.283,69.783,38.644,1,C,c1ccc2c(c1)C(=O)N(C2=O)[C@H]3CCC(=O)NC3=O
CRBN,5yj0,EF2,501,1,q,750,C3,-39.131,-55.625,67.106,6.038,9,C,c1ccc2c(c1)C(=O)N(C2=O)[C@H]3CCC(=O)NC3=O
CRBN,7bqu,EF2,501,1,A,854,O01,24.77,20.107,13.484,1.071,18,O,c1ccc2c(c1)C(=O)N(C2=O)[C@H]3CCC(=O)NC3=O
CRBN,7bqu,EF2,501,1,A,863,C11,24.935,15.454,9.493,24.153,0,C,c1ccc2c(c1)C(=O)N(C2=O)[C@H]3CCC(=O)NC3=O
CRBN,7bqu,EF2,501,1,A,864,C12,25.638,16.299,10.342,7.246,5,C,c1ccc2c(c1)C(=O)N(C2=O)[C@H]3CCC(=O)NC3=O
CRBN,7bqu,EF2,501,1,A,866,C14,23.952,16.153,11.946,1.208,3,C,c1ccc2c(c1)C(=O)N(C2=O)[C@H]3CCC(=O)NC3=O
CRBN,7bqu,EF2,501,1,A,868,O18,22.739,16.428,13.852,7.5,10,O,c1ccc2c(c1)C(=O)N(C2=O)[C@H]3CCC(=O)NC3=O
CRBN,7bqu,EF2,501,1,A,869,C19,23.232,15.339,11.167,15.699,2,C,c1ccc2c(c1)C(=O)N(C2=O)[C@H]3CCC(=O)NC3=O
CRBN,7bqu,EF2,501,1,A,870,C20,23.707,14.962,9.915,19.322,1,C,c1ccc2c(c1)C(=O)N(C2=O)[C@H]3CCC(=O)NC3=O
CRBN,7bqu,EF2,501,1,A,871,C3,23.735,16.658,13.165,1.208,9,C,c1ccc2c(c1)C(=O)N(C2=O)[C@H]3CCC(=O)NC3=O
CRBN,5yj1,6EL,501,1,J,722,O,-68.747,9.8,41.854,11.786,18,O,c1ccc2c(c1)C(=O)N(C2=O)[C@@H]3CCC(=O)NC3=O
CRBN,5yj1,6EL,501,1,J,731,CAN,-67.162,9.911,45.023,4.831,6,C,c1ccc2c(c1)C(=O)N(C2=O)[C@@H]3CCC(=O)NC3=O
CRBN,5yj1,6EL,501,1,J,732,OAC,-66.327,8.986,45.169,16.072,7,O,c1ccc2c(c1)C(=O)N(C2=O)[C@@H]3CCC(=O)NC3=O
CRBN,5yj1,6EL,501,1,J,735,CAQ,-68.208,11.838,45.364,4.831,3,C,c1ccc2c(c1)C(=O)N(C2=O)[C@@H]3CCC(=O)NC3=O
CRBN,5yj1,6EL,501,1,J,736,CAP,-67.019,11.176,45.606,4.831,4,C,c1ccc2c(c1)C(=O)N(C2=O)[C@@H]3CCC(=O)NC3=O
CRBN,5yj1,6EL,501,1,J,737,CAH,-68.379,13.177,45.677,21.737,2,C,c1ccc2c(c1)C(=O)N(C2=O)[C@@H]3CCC(=O)NC3=O
CRBN,5yj1,6EL,501,1,J,738,CAF,-67.332,13.856,46.295,33.814,1,C,c1ccc2c(c1)C(=O)N(C2=O)[C@@H]3CCC(=O)NC3=O
CRBN,5yj1,6EL,501,1,J,739,CAE,-66.123,13.199,46.543,36.229,0,C,c1ccc2c(c1)C(=O)N(C2=O)[C@@H]3CCC(=O)NC3=O
CRBN,5yj1,6EL,501,1,J,740,CAG,-65.952,11.859,46.182,30.191,5,C,c1ccc2c(c1)C(=O)N(C2=O)[C@@H]3CCC(=O)NC3=O
CRBN,5yj1,6EL,501,1,A,754,O,-18.732,39.122,1.981,9.643,18,O,c1ccc2c(c1)C(=O)N(C2=O)[C@@H]3CCC(=O)NC3=O
CRBN,5yj1,6EL,501,1,A,763,CAN,-17.263,39.108,5.113,4.831,6,C,c1ccc2c(c1)C(=O)N(C2=O)[C@@H]3CCC(=O)NC3=O
CRBN,5yj1,6EL,501,1,A,764,OAC,-16.455,38.154,5.201,16.072,7,O,c1ccc2c(c1)C(=O)N(C2=O)[C@@H]3CCC(=O)NC3=O
CRBN,5yj1,6EL,501,1,A,766,OAD,-20.26,40.446,4.509,3.214,10,O,c1ccc2c(c1)C(=O)N(C2=O)[C@@H]3CCC(=O)NC3=O
CRBN,5yj1,6EL,501,1,A,767,CAQ,-18.247,41.059,5.505,3.623,3,C,c1ccc2c(c1)C(=O)N(C2=O)[C@@H]3CCC(=O)NC3=O
CRBN,5yj1,6EL,501,1,A,768,CAP,-17.059,40.369,5.678,3.623,4,C,c1ccc2c(c1)C(=O)N(C2=O)[C@@H]3CCC(=O)NC3=O
CRBN,5yj1,6EL,501,1,A,769,CAH,-18.362,42.399,5.839,21.737,2,C,c1ccc2c(c1)C(=O)N(C2=O)[C@@H]3CCC(=O)NC3=O
CRBN,5yj1,6EL,501,1,A,770,CAF,-17.29,43.026,6.465,33.814,1,C,c1ccc2c(c1)C(=O)N(C2=O)[C@@H]3CCC(=O)NC3=O
CRBN,5yj1,6EL,501,1,A,771,CAE,-16.11,42.317,6.704,36.229,0,C,c1ccc2c(c1)C(=O)N(C2=O)[C@@H]3CCC(=O)NC3=O
CRBN,5yj1,6EL,501,1,A,772,CAG,-15.983,40.985,6.304,31.398,5,C,c1ccc2c(c1)C(=O)N(C2=O)[C@@H]3CCC(=O)NC3=O
CRBN,5yj0,EF2,501,1,J,722,O01,-68.772,9.955,41.912,13.929,18,O,c1ccc2c(c1)C(=O)N(C2=O)[C@H]3CCC(=O)NC3=O
CRBN,5yj0,EF2,501,1,J,728,C07,-69.717,7.715,44.577,1.208,12,C,c1ccc2c(c1)C(=O)N(C2=O)[C@H]3CCC(=O)NC3=O
CRBN,5yj0,EF2,501,1,J,731,C11,-66.345,13.278,46.751,37.436,0,C,c1ccc2c(c1)C(=O)N(C2=O)[C@H]3CCC(=O)NC3=O
CRBN,5yj0,EF2,501,1,J,732,C12,-66.107,11.959,46.389,28.983,5,C,c1ccc2c(c1)C(=O)N(C2=O)[C@H]3CCC(=O)NC3=O
CRBN,5yj0,EF2,501,1,J,733,C13,-67.087,11.243,45.716,4.831,4,C,c1ccc2c(c1)C(=O)N(C2=O)[C@H]3CCC(=O)NC3=O
CRBN,5yj0,EF2,501,1,J,734,C14,-68.304,11.837,45.408,2.415,3,C,c1ccc2c(c1)C(=O)N(C2=O)[C@H]3CCC(=O)NC3=O
CRBN,5yj0,EF2,501,1,J,735,O16,-66.249,9.127,45.279,19.286,7,O,c1ccc2c(c1)C(=O)N(C2=O)[C@H]3CCC(=O)NC3=O
CRBN,5yj0,EF2,501,1,J,736,O18,-70.153,11.054,44.235,1.071,10,O,c1ccc2c(c1)C(=O)N(C2=O)[C@H]3CCC(=O)NC3=O
CRBN,5yj0,EF2,501,1,J,737,C19,-68.553,13.151,45.782,22.945,2,C,c1ccc2c(c1)C(=O)N(C2=O)[C@H]3CCC(=O)NC3=O
CRBN,5yj0,EF2,501,1,J,738,C20,-67.574,13.866,46.464,35.021,1,C,c1ccc2c(c1)C(=O)N(C2=O)[C@H]3CCC(=O)NC3=O
CRBN,5yj0,EF2,501,1,J,740,C4,-67.108,9.993,45.113,4.831,6,C,c1ccc2c(c1)C(=O)N(C2=O)[C@H]3CCC(=O)NC3=O
CRBN,5yj0,EF2,501,1,k,741,O01,-74.763,-63.307,40.89,12.858,18,O,c1ccc2c(c1)C(=O)N(C2=O)[C@H]3CCC(=O)NC3=O
CRBN,5yj0,EF2,501,1,k,747,C07,-72.376,-63.16,43.609,1.208,12,C,c1ccc2c(c1)C(=O)N(C2=O)[C@H]3CCC(=O)NC3=O
CRBN,5yj0,EF2,501,1,k,750,C11,-78.796,-62.817,45.875,35.021,0,C,c1ccc2c(c1)C(=O)N(C2=O)[C@H]3CCC(=O)NC3=O
CRBN,5yj0,EF2,501,1,k,751,C12,-77.761,-61.988,45.467,32.606,5,C,c1ccc2c(c1)C(=O)N(C2=O)[C@H]3CCC(=O)NC3=O
CRBN,5yj0,EF2,501,1,k,752,C13,-76.684,-62.524,44.777,4.831,4,C,c1ccc2c(c1)C(=O)N(C2=O)[C@H]3CCC(=O)NC3=O
CRBN,5yj0,EF2,501,1,k,753,C14,-76.642,-63.876,44.461,4.831,3,C,c1ccc2c(c1)C(=O)N(C2=O)[C@H]3CCC(=O)NC3=O
CRBN,5yj0,EF2,501,1,k,754,O16,-75.252,-60.768,44.279,21.429,7,O,c1ccc2c(c1)C(=O)N(C2=O)[C@H]3CCC(=O)NC3=O
CRBN,5yj0,EF2,501,1,k,755,O18,-75.08,-65.145,43.285,1.071,10,O,c1ccc2c(c1)C(=O)N(C2=O)[C@H]3CCC(=O)NC3=O
CRBN,5yj0,EF2,501,1,k,756,C19,-77.693,-64.702,44.839,26.568,2,C,c1ccc2c(c1)C(=O)N(C2=O)[C@H]3CCC(=O)NC3=O
CRBN,5yj0,EF2,501,1,k,757,C20,-78.758,-64.172,45.563,36.229,1,C,c1ccc2c(c1)C(=O)N(C2=O)[C@H]3CCC(=O)NC3=O
CRBN,5yj0,EF2,501,1,k,758,C3,-75.484,-64.061,43.708,1.208,9,C,c1ccc2c(c1)C(=O)N(C2=O)[C@H]3CCC(=O)NC3=O
CRBN,5yj0,EF2,501,1,k,759,C4,-75.548,-61.961,44.22,4.831,6,C,c1ccc2c(c1)C(=O)N(C2=O)[C@H]3CCC(=O)NC3=O
CRBN,5yiz,EF2,501,1,J,722,O01,-68.67,9.957,41.842,10.715,18,O,c1ccc2c(c1)C(=O)N(C2=O)[C@H]3CCC(=O)NC3=O
CRBN,5yiz,EF2,501,1,J,728,C07,-69.521,7.64,44.478,1.208,12,C,c1ccc2c(c1)C(=O)N(C2=O)[C@H]3CCC(=O)NC3=O
CRBN,5yiz,EF2,501,1,J,731,C11,-66.152,13.322,46.531,37.436,0,C,c1ccc2c(c1)C(=O)N(C2=O)[C@H]3CCC(=O)NC3=O
CRBN,5yiz,EF2,501,1,J,732,C12,-65.915,11.99,46.206,30.191,5,C,c1ccc2c(c1)C(=O)N(C2=O)[C@H]3CCC(=O)NC3=O
CRBN,5yiz,EF2,501,1,J,733,C13,-66.915,11.241,45.592,4.831,4,C,c1ccc2c(c1)C(=O)N(C2=O)[C@H]3CCC(=O)NC3=O
CRBN,5yiz,EF2,501,1,J,734,C14,-68.137,11.823,45.278,4.831,3,C,c1ccc2c(c1)C(=O)N(C2=O)[C@H]3CCC(=O)NC3=O
CRBN,5yiz,EF2,501,1,J,735,O16,-66.069,9.117,45.191,18.215,7,O,c1ccc2c(c1)C(=O)N(C2=O)[C@H]3CCC(=O)NC3=O
CRBN,5yiz,EF2,501,1,J,736,O18,-69.993,10.999,44.128,1.071,10,O,c1ccc2c(c1)C(=O)N(C2=O)[C@H]3CCC(=O)NC3=O
CRBN,5yiz,EF2,501,1,J,737,C19,-68.384,13.151,45.613,22.945,2,C,c1ccc2c(c1)C(=O)N(C2=O)[C@H]3CCC(=O)NC3=O
CRBN,5yiz,EF2,501,1,J,738,C20,-67.406,13.879,46.29,35.021,1,C,c1ccc2c(c1)C(=O)N(C2=O)[C@H]3CCC(=O)NC3=O
CRBN,5yiz,EF2,501,1,J,740,C4,-66.938,9.972,45.02,4.831,6,C,c1ccc2c(c1)C(=O)N(C2=O)[C@H]3CCC(=O)NC3=O
CRBN,5yiz,EF2,501,1,h,733,O01,-66.616,-48.114,-1.688,9.643,18,O,c1ccc2c(c1)C(=O)N(C2=O)[C@H]3CCC(=O)NC3=O
CRBN,5yiz,EF2,501,1,h,741,N09,-64.229,-49.52,-2.118,1.094,8,N,c1ccc2c(c1)C(=O)N(C2=O)[C@H]3CCC(=O)NC3=O
CRBN,5yiz,EF2,501,1,h,742,C11,-65.313,-53.55,-3.983,36.229,0,C,c1ccc2c(c1)C(=O)N(C2=O)[C@H]3CCC(=O)NC3=O
CRBN,5yiz,EF2,501,1,h,743,C12,-65.392,-52.186,-4.239,21.737,5,C,c1ccc2c(c1)C(=O)N(C2=O)[C@H]3CCC(=O)NC3=O
CRBN,5yiz,EF2,501,1,h,744,C13,-64.895,-51.282,-3.303,2.415,4,C,c1ccc2c(c1)C(=O)N(C2=O)[C@H]3CCC(=O)NC3=O
CRBN,5yiz,EF2,501,1,h,745,C14,-64.334,-51.749,-2.121,6.038,3,C,c1ccc2c(c1)C(=O)N(C2=O)[C@H]3CCC(=O)NC3=O
CRBN,5yiz,EF2,501,1,h,746,O16,-65.387,-49.124,-4.045,1.071,7,O,c1ccc2c(c1)C(=O)N(C2=O)[C@H]3CCC(=O)NC3=O
CRBN,5yiz,EF2,501,1,h,747,O18,-63.452,-50.62,-0.291,21.429,10,O,c1ccc2c(c1)C(=O)N(C2=O)[C@H]3CCC(=O)NC3=O
CRBN,5yiz,EF2,501,1,h,748,C19,-64.226,-53.113,-1.871,30.191,2,C,c1ccc2c(c1)C(=O)N(C2=O)[C@H]3CCC(=O)NC3=O
CRBN,5yiz,EF2,501,1,h,749,C20,-64.74,-54.013,-2.801,37.436,1,C,c1ccc2c(c1)C(=O)N(C2=O)[C@H]3CCC(=O)NC3=O
CRBN,5yiz,EF2,501,1,h,750,C3,-63.992,-50.614,-1.396,7.246,9,C,c1ccc2c(c1)C(=O)N(C2=O)[C@H]3CCC(=O)NC3=O
CRBN,5yj1,6EL,501,1,n,722,O,-34.106,-69.212,28.337,10.715,18,O,c1ccc2c(c1)C(=O)N(C2=O)[C@@H]3CCC(=O)NC3=O
CRBN,5yj1,6EL,501,1,n,731,CAN,-36.7,-69.879,25.915,4.831,6,C,c1ccc2c(c1)C(=O)N(C2=O)[C@@H]3CCC(=O)NC3=O
CRBN,5yj1,6EL,501,1,n,732,OAC,-37.291,-68.815,25.619,19.286,7,O,c1ccc2c(c1)C(=O)N(C2=O)[C@@H]3CCC(=O)NC3=O
CRBN,5yj1,6EL,501,1,n,733,CAO,-35.943,-71.52,27.054,1.208,9,C,c1ccc2c(c1)C(=O)N(C2=O)[C@@H]3CCC(=O)NC3=O
CRBN,5yj1,6EL,501,1,n,734,OAD,-35.334,-72.087,27.988,1.071,10,O,c1ccc2c(c1)C(=O)N(C2=O)[C@@H]3CCC(=O)NC3=O
CRBN,5yj1,6EL,501,1,n,735,CAQ,-35.844,-71.913,25.735,3.623,3,C,c1ccc2c(c1)C(=O)N(C2=O)[C@@H]3CCC(=O)NC3=O
CRBN,5yj1,6EL,501,1,n,736,CAP,-36.436,-70.899,25.002,3.623,4,C,c1ccc2c(c1)C(=O)N(C2=O)[C@@H]3CCC(=O)NC3=O
CRBN,5yj1,6EL,501,1,n,737,CAH,-35.388,-73.078,25.142,22.945,2,C,c1ccc2c(c1)C(=O)N(C2=O)[C@@H]3CCC(=O)NC3=O
CRBN,5yj1,6EL,501,1,n,738,CAF,-35.527,-73.21,23.765,36.229,1,C,c1ccc2c(c1)C(=O)N(C2=O)[C@@H]3CCC(=O)NC3=O
CRBN,5yj1,6EL,501,1,n,739,CAE,-36.106,-72.184,23.012,35.021,0,C,c1ccc2c(c1)C(=O)N(C2=O)[C@@H]3CCC(=O)NC3=O
CRBN,5yj1,6EL,501,1,n,740,CAG,-36.558,-71.013,23.627,27.775,5,C,c1ccc2c(c1)C(=O)N(C2=O)[C@@H]3CCC(=O)NC3=O
CRBN,5yj0,EF2,501,1,V,733,O01,-32.129,-8.81,68.572,11.786,18,O,c1ccc2c(c1)C(=O)N(C2=O)[C@H]3CCC(=O)NC3=O
CRBN,5yj0,EF2,501,1,V,741,N09,-32.591,-6.323,67.427,1.094,8,N,c1ccc2c(c1)C(=O)N(C2=O)[C@H]3CCC(=O)NC3=O
CRBN,5yj0,EF2,501,1,V,742,C11,-33.361,-3.383,70.826,36.229,0,C,c1ccc2c(c1)C(=O)N(C2=O)[C@H]3CCC(=O)NC3=O
CRBN,5yj0,EF2,501,1,V,743,C12,-32.38,-4.237,70.337,21.737,5,C,c1ccc2c(c1)C(=O)N(C2=O)[C@H]3CCC(=O)NC3=O
CRBN,5yj0,EF2,501,1,V,744,C13,-32.635,-4.999,69.204,3.623,4,C,c1ccc2c(c1)C(=O)N(C2=O)[C@H]3CCC(=O)NC3=O
CRBN,5yj0,EF2,501,1,V,745,C14,-33.856,-4.889,68.553,4.831,3,C,c1ccc2c(c1)C(=O)N(C2=O)[C@H]3CCC(=O)NC3=O
CRBN,5yj0,EF2,501,1,V,746,O16,-30.764,-6.297,68.77,1.071,7,O,c1ccc2c(c1)C(=O)N(C2=O)[C@H]3CCC(=O)NC3=O
CRBN,5yj0,EF2,501,1,V,747,O18,-34.701,-5.969,66.679,21.429,10,O,c1ccc2c(c1)C(=O)N(C2=O)[C@H]3CCC(=O)NC3=O
CRBN,5yj0,EF2,501,1,V,748,C19,-34.844,-4.045,69.047,28.983,2,C,c1ccc2c(c1)C(=O)N(C2=O)[C@H]3CCC(=O)NC3=O
CRBN,5yj0,EF2,501,1,V,749,C20,-34.593,-3.289,70.187,33.814,1,C,c1ccc2c(c1)C(=O)N(C2=O)[C@H]3CCC(=O)NC3=O
CRBN,5yj0,EF2,501,1,V,750,C3,-33.822,-5.83,67.53,2.415,9,C,c1ccc2c(c1)C(=O)N(C2=O)[C@H]3CCC(=O)NC3=O
CRBN,5yj0,EF2,501,1,V,751,C4,-31.936,-6.007,68.544,1.208,6,C,c1ccc2c(c1)C(=O)N(C2=O)[C@H]3CCC(=O)NC3=O
CRBN,4tzc,EF2,505,1,B,807,O01,47.611,-34.118,-68.954,9.643,18,O,c1ccc2c(c1)C(=O)N(C2=O)[C@H]3CCC(=O)NC3=O
CRBN,4tzc,EF2,505,1,B,813,C07,49.205,-34.479,-65.749,1.208,12,C,c1ccc2c(c1)C(=O)N(C2=O)[C@H]3CCC(=O)NC3=O
CRBN,4tzc,EF2,505,1,B,816,C11,49.528,-28.269,-68.88,37.436,0,C,c1ccc2c(c1)C(=O)N(C2=O)[C@H]3CCC(=O)NC3=O
CRBN,4tzc,EF2,505,1,B,817,C12,48.681,-29.209,-68.245,24.153,5,C,c1ccc2c(c1)C(=O)N(C2=O)[C@H]3CCC(=O)NC3=O
CRBN,4tzc,EF2,505,1,B,818,C13,49.198,-30.501,-68.112,6.038,4,C,c1ccc2c(c1)C(=O)N(C2=O)[C@H]3CCC(=O)NC3=O
CRBN,4tzc,EF2,505,1,B,819,C14,50.474,-30.853,-68.557,7.246,3,C,c1ccc2c(c1)C(=O)N(C2=O)[C@H]3CCC(=O)NC3=O
CRBN,4tzc,EF2,505,1,B,820,O16,47.328,-31.837,-66.942,2.143,7,O,c1ccc2c(c1)C(=O)N(C2=O)[C@H]3CCC(=O)NC3=O
CRBN,4tzc,EF2,505,1,B,821,O18,51.747,-33.084,-68.493,21.429,10,O,c1ccc2c(c1)C(=O)N(C2=O)[C@H]3CCC(=O)NC3=O
CRBN,4tzc,EF2,505,1,B,822,C19,51.329,-29.952,-69.182,32.606,2,C,c1ccc2c(c1)C(=O)N(C2=O)[C@H]3CCC(=O)NC3=O
CRBN,4tzc,EF2,505,1,B,823,C20,50.827,-28.636,-69.331,37.436,1,C,c1ccc2c(c1)C(=O)N(C2=O)[C@H]3CCC(=O)NC3=O
CRBN,4tzc,EF2,505,1,B,824,C3,50.589,-32.291,-68.205,6.038,9,C,c1ccc2c(c1)C(=O)N(C2=O)[C@H]3CCC(=O)NC3=O
CRBN,4tzu,Y70,503,1,D,724,C1,-50.274,-29.63,-1.206,31.398,5,C,c1cc2c(c(c1)N)C(=O)N(C2=O)[C@H]3CCC(=O)NC3=O
CRBN,4tzu,Y70,503,1,D,725,C2,-49.021,-29.33,-1.743,36.229,0,C,c1cc2c(c(c1)N)C(=O)N(C2=O)[C@H]3CCC(=O)NC3=O
CRBN,4tzu,Y70,503,1,D,726,C3,-48.251,-30.336,-2.325,20.53,1,C,c1cc2c(c(c1)N)C(=O)N(C2=O)[C@H]3CCC(=O)NC3=O
CRBN,4tzu,Y70,503,1,D,727,C4,-48.742,-31.639,-2.361,4.831,2,C,c1cc2c(c(c1)N)C(=O)N(C2=O)[C@H]3CCC(=O)NC3=O
CRBN,4tzu,Y70,503,1,D,728,C5,-49.994,-31.942,-1.832,7.246,3,C,c1cc2c(c(c1)N)C(=O)N(C2=O)[C@H]3CCC(=O)NC3=O
CRBN,4tzu,Y70,503,1,D,729,C6,-50.764,-30.933,-1.248,9.661,4,C,c1cc2c(c(c1)N)C(=O)N(C2=O)[C@H]3CCC(=O)NC3=O
CRBN,4tzu,Y70,503,1,D,730,C7,-48.233,-32.835,-2.861,1.208,10,C,c1cc2c(c(c1)N)C(=O)N(C2=O)[C@H]3CCC(=O)NC3=O
CRBN,4tzu,Y70,503,1,D,732,C9,-50.174,-33.314,-2.036,4.831,7,C,c1cc2c(c(c1)N)C(=O)N(C2=O)[C@H]3CCC(=O)NC3=O
CRBN,4tzu,Y70,503,1,D,733,N10,-51.961,-31.202,-0.732,42.65,6,N,c1cc2c(c(c1)N)C(=O)N(C2=O)[C@H]3CCC(=O)NC3=O
CRBN,4tzu,Y70,503,1,D,734,O11,-51.154,-33.982,-1.705,15.0,8,O,c1cc2c(c(c1)N)C(=O)N(C2=O)[C@H]3CCC(=O)NC3=O
CRBN,4tzu,Y70,503,1,D,742,O19,-47.072,-35.186,-1.461,12.858,19,O,c1cc2c(c(c1)N)C(=O)N(C2=O)[C@H]3CCC(=O)NC3=O
CRBN,4tzu,Y70,504,1,C,723,C1,-74.325,-49.75,-28.528,31.398,5,C,c1cc2c(c(c1)N)C(=O)N(C2=O)[C@H]3CCC(=O)NC3=O
CRBN,4tzu,Y70,504,1,C,724,C2,-73.854,-51.011,-28.905,36.229,0,C,c1cc2c(c(c1)N)C(=O)N(C2=O)[C@H]3CCC(=O)NC3=O
CRBN,4tzu,Y70,504,1,C,725,C3,-73.971,-51.439,-30.226,28.983,1,C,c1cc2c(c(c1)N)C(=O)N(C2=O)[C@H]3CCC(=O)NC3=O
CRBN,4tzu,Y70,504,1,C,726,C4,-74.564,-50.591,-31.164,3.623,2,C,c1cc2c(c(c1)N)C(=O)N(C2=O)[C@H]3CCC(=O)NC3=O
CRBN,4tzu,Y70,504,1,C,727,C5,-75.03,-49.33,-30.791,3.623,3,C,c1cc2c(c(c1)N)C(=O)N(C2=O)[C@H]3CCC(=O)NC3=O
CRBN,4tzu,Y70,504,1,C,728,C6,-74.912,-48.907,-29.471,7.246,4,C,c1cc2c(c(c1)N)C(=O)N(C2=O)[C@H]3CCC(=O)NC3=O
CRBN,4tzu,Y70,504,1,C,729,C7,-74.826,-50.706,-32.524,6.038,10,C,c1cc2c(c(c1)N)C(=O)N(C2=O)[C@H]3CCC(=O)NC3=O
CRBN,4tzu,Y70,504,1,C,732,N10,-75.357,-47.707,-29.113,27.34,6,N,c1cc2c(c(c1)N)C(=O)N(C2=O)[C@H]3CCC(=O)NC3=O
CRBN,4tzu,Y70,504,1,C,735,O13,-74.556,-51.678,-33.224,18.215,11,O,c1cc2c(c(c1)N)C(=O)N(C2=O)[C@H]3CCC(=O)NC3=O
CRBN,4tzu,Y70,504,1,C,736,C14,-77.287,-49.325,-34.649,1.208,13,C,c1cc2c(c(c1)N)C(=O)N(C2=O)[C@H]3CCC(=O)NC3=O
CRBN,4tzu,Y70,504,1,C,741,O19,-74.141,-47.664,-34.233,11.786,19,O,c1cc2c(c(c1)N)C(=O)N(C2=O)[C@H]3CCC(=O)NC3=O
CRBN,5yj0,EF2,501,1,t,766,O01,-76.411,-61.719,38.686,9.643,18,O,c1ccc2c(c1)C(=O)N(C2=O)[C@H]3CCC(=O)NC3=O
CRBN,5yj0,EF2,501,1,t,772,C07,-78.914,-59.266,37.979,1.208,12,C,c1ccc2c(c1)C(=O)N(C2=O)[C@H]3CCC(=O)NC3=O
CRBN,5yj0,EF2,501,1,t,775,C11,-72.461,-57.023,37.418,35.021,0,C,c1ccc2c(c1)C(=O)N(C2=O)[C@H]3CCC(=O)NC3=O
CRBN,5yj0,EF2,501,1,t,776,C12,-73.461,-57.092,38.381,27.775,5,C,c1ccc2c(c1)C(=O)N(C2=O)[C@H]3CCC(=O)NC3=O
CRBN,5yj0,EF2,501,1,t,777,C13,-74.557,-57.921,38.17,4.831,4,C,c1ccc2c(c1)C(=O)N(C2=O)[C@H]3CCC(=O)NC3=O
CRBN,5yj0,EF2,501,1,t,778,C14,-74.657,-58.663,37.001,2.415,3,C,c1ccc2c(c1)C(=O)N(C2=O)[C@H]3CCC(=O)NC3=O
CRBN,5yj0,EF2,501,1,t,779,O16,-75.984,-57.727,40.0,21.429,7,O,c1ccc2c(c1)C(=O)N(C2=O)[C@H]3CCC(=O)NC3=O
CRBN,5yj0,EF2,501,1,t,780,O18,-76.283,-60.136,36.233,1.071,10,O,c1ccc2c(c1)C(=O)N(C2=O)[C@H]3CCC(=O)NC3=O
CRBN,5yj0,EF2,501,1,t,781,C19,-73.65,-58.61,36.046,20.53,2,C,c1ccc2c(c1)C(=O)N(C2=O)[C@H]3CCC(=O)NC3=O
CRBN,5yj0,EF2,501,1,t,782,C20,-72.555,-57.777,36.253,32.606,1,C,c1ccc2c(c1)C(=O)N(C2=O)[C@H]3CCC(=O)NC3=O
CRBN,5yj0,EF2,501,1,t,784,C4,-75.687,-58.229,38.916,3.623,6,C,c1ccc2c(c1)C(=O)N(C2=O)[C@H]3CCC(=O)NC3=O
CRBN,4tzu,Y70,504,1,A,723,C1,-29.913,-70.083,-21.895,32.606,5,C,c1cc2c(c(c1)N)C(=O)N(C2=O)[C@H]3CCC(=O)NC3=O
CRBN,4tzu,Y70,504,1,A,724,C2,-29.655,-69.662,-23.203,35.021,0,C,c1cc2c(c(c1)N)C(=O)N(C2=O)[C@H]3CCC(=O)NC3=O
CRBN,4tzu,Y70,504,1,A,725,C3,-30.68,-69.115,-23.98,22.945,1,C,c1cc2c(c(c1)N)C(=O)N(C2=O)[C@H]3CCC(=O)NC3=O
CRBN,4tzu,Y70,504,1,A,726,C4,-31.962,-69.0,-23.444,6.038,2,C,c1cc2c(c(c1)N)C(=O)N(C2=O)[C@H]3CCC(=O)NC3=O
CRBN,4tzu,Y70,504,1,A,727,C5,-32.216,-69.419,-22.142,3.623,3,C,c1cc2c(c(c1)N)C(=O)N(C2=O)[C@H]3CCC(=O)NC3=O
CRBN,4tzu,Y70,504,1,A,728,C6,-31.197,-69.963,-21.362,4.831,4,C,c1cc2c(c(c1)N)C(=O)N(C2=O)[C@H]3CCC(=O)NC3=O
CRBN,4tzu,Y70,504,1,A,731,C9,-33.572,-69.171,-21.918,7.246,7,C,c1cc2c(c(c1)N)C(=O)N(C2=O)[C@H]3CCC(=O)NC3=O
CRBN,4tzu,Y70,504,1,A,732,N10,-31.455,-70.37,-20.113,44.837,6,N,c1cc2c(c(c1)N)C(=O)N(C2=O)[C@H]3CCC(=O)NC3=O
CRBN,4tzu,Y70,504,1,A,733,O11,-34.196,-69.406,-20.888,11.786,8,O,c1cc2c(c(c1)N)C(=O)N(C2=O)[C@H]3CCC(=O)NC3=O
CRBN,4tzu,Y70,504,1,A,741,O19,-35.634,-69.954,-24.837,10.715,19,O,c1cc2c(c(c1)N)C(=O)N(C2=O)[C@H]3CCC(=O)NC3=O
CRBN,4ci3,Y70,1429,1,B,2979,C1,-1.697,0.575,-11.315,19.322,5,C,c1cc2c(c(c1)N)C(=O)N(C2=O)[C@H]3CCC(=O)NC3=O
CRBN,4ci3,Y70,1429,1,B,2980,C2,-1.928,-0.638,-10.644,16.907,0,C,c1cc2c(c(c1)N)C(=O)N(C2=O)[C@H]3CCC(=O)NC3=O
CRBN,4ci3,Y70,1429,1,B,2981,C3,-3.149,-0.897,-10.015,19.322,1,C,c1cc2c(c(c1)N)C(=O)N(C2=O)[C@H]3CCC(=O)NC3=O
CRBN,4ci3,Y70,1429,1,B,2982,C4,-4.102,0.117,-10.068,2.415,2,C,c1cc2c(c(c1)N)C(=O)N(C2=O)[C@H]3CCC(=O)NC3=O
CRBN,4ci3,Y70,1429,1,B,2985,C7,-5.496,0.211,-9.501,1.208,10,C,c1cc2c(c(c1)N)C(=O)N(C2=O)[C@H]3CCC(=O)NC3=O
CRBN,4ci3,Y70,1429,1,B,2988,N10,-2.485,2.787,-12.012,16.404,6,N,c1cc2c(c(c1)N)C(=O)N(C2=O)[C@H]3CCC(=O)NC3=O
CRBN,4ci3,Y70,1429,1,B,2991,O13,-5.993,-0.744,-8.881,5.357,11,O,c1cc2c(c(c1)N)C(=O)N(C2=O)[C@H]3CCC(=O)NC3=O
CRBN,5yiz,EF2,501,1,k,741,O01,-74.545,-63.288,40.813,11.786,18,O,c1ccc2c(c1)C(=O)N(C2=O)[C@H]3CCC(=O)NC3=O
CRBN,5yiz,EF2,501,1,k,747,C07,-72.188,-63.052,43.57,1.208,12,C,c1ccc2c(c1)C(=O)N(C2=O)[C@H]3CCC(=O)NC3=O
CRBN,5yiz,EF2,501,1,k,750,C11,-78.675,-62.73,45.778,35.021,0,C,c1ccc2c(c1)C(=O)N(C2=O)[C@H]3CCC(=O)NC3=O
CRBN,5yiz,EF2,501,1,k,751,C12,-77.635,-61.897,45.376,31.398,5,C,c1ccc2c(c1)C(=O)N(C2=O)[C@H]3CCC(=O)NC3=O
CRBN,5yiz,EF2,501,1,k,752,C13,-76.536,-62.44,44.713,4.831,4,C,c1ccc2c(c1)C(=O)N(C2=O)[C@H]3CCC(=O)NC3=O
CRBN,5yiz,EF2,501,1,k,753,C14,-76.493,-63.796,44.403,4.831,3,C,c1ccc2c(c1)C(=O)N(C2=O)[C@H]3CCC(=O)NC3=O
CRBN,5yiz,EF2,501,1,k,754,O16,-75.051,-60.705,44.254,22.501,7,O,c1ccc2c(c1)C(=O)N(C2=O)[C@H]3CCC(=O)NC3=O
CRBN,5yiz,EF2,501,1,k,755,O18,-74.927,-65.079,43.23,1.071,10,O,c1ccc2c(c1)C(=O)N(C2=O)[C@H]3CCC(=O)NC3=O
CRBN,5yiz,EF2,501,1,k,756,C19,-77.558,-64.617,44.761,24.153,2,C,c1ccc2c(c1)C(=O)N(C2=O)[C@H]3CCC(=O)NC3=O
CRBN,5yiz,EF2,501,1,k,757,C20,-78.634,-64.087,45.471,36.229,1,C,c1ccc2c(c1)C(=O)N(C2=O)[C@H]3CCC(=O)NC3=O
CRBN,5yiz,EF2,501,1,k,759,C4,-75.347,-61.9,44.23,4.831,6,C,c1ccc2c(c1)C(=O)N(C2=O)[C@H]3CCC(=O)NC3=O
CRBN,5yiz,EF2,501,1,P,733,O01,-93.038,-22.996,28.743,11.786,18,O,c1ccc2c(c1)C(=O)N(C2=O)[C@H]3CCC(=O)NC3=O
CRBN,5yiz,EF2,501,1,P,742,C11,-96.085,-19.878,24.621,37.436,0,C,c1ccc2c(c1)C(=O)N(C2=O)[C@H]3CCC(=O)NC3=O
CRBN,5yiz,EF2,501,1,P,743,C12,-95.876,-20.185,25.964,22.945,5,C,c1ccc2c(c1)C(=O)N(C2=O)[C@H]3CCC(=O)NC3=O
CRBN,5yiz,EF2,501,1,P,744,C13,-94.578,-20.291,26.464,6.038,4,C,c1ccc2c(c1)C(=O)N(C2=O)[C@H]3CCC(=O)NC3=O
CRBN,5yiz,EF2,501,1,P,745,C14,-93.491,-20.064,25.63,4.831,3,C,c1ccc2c(c1)C(=O)N(C2=O)[C@H]3CCC(=O)NC3=O
CRBN,5yiz,EF2,501,1,P,746,O16,-94.697,-20.742,28.732,1.071,7,O,c1ccc2c(c1)C(=O)N(C2=O)[C@H]3CCC(=O)NC3=O
CRBN,5yiz,EF2,501,1,P,747,O18,-91.193,-20.268,26.039,20.358,10,O,c1ccc2c(c1)C(=O)N(C2=O)[C@H]3CCC(=O)NC3=O
CRBN,5yiz,EF2,501,1,P,748,C19,-93.697,-19.803,24.278,30.191,2,C,c1ccc2c(c1)C(=O)N(C2=O)[C@H]3CCC(=O)NC3=O
CRBN,5yiz,EF2,501,1,P,749,C20,-94.994,-19.666,23.783,35.021,1,C,c1ccc2c(c1)C(=O)N(C2=O)[C@H]3CCC(=O)NC3=O
CRBN,5yiz,EF2,501,1,P,750,C3,-92.365,-20.313,26.411,6.038,9,C,c1ccc2c(c1)C(=O)N(C2=O)[C@H]3CCC(=O)NC3=O
CRBN,5yiz,EF2,501,1,P,751,C4,-94.046,-20.707,27.689,1.208,6,C,c1ccc2c(c1)C(=O)N(C2=O)[C@H]3CCC(=O)NC3=O
CRBN,5yj1,6EL,501,1,M,733,O,-75.583,-23.374,67.897,11.786,18,O,c1ccc2c(c1)C(=O)N(C2=O)[C@@H]3CCC(=O)NC3=O
CRBN,5yj1,6EL,501,1,M,739,CB,-77.294,-23.837,64.767,1.208,12,C,c1ccc2c(c1)C(=O)N(C2=O)[C@@H]3CCC(=O)NC3=O
CRBN,5yj1,6EL,501,1,M,742,CAN,-78.683,-24.631,68.051,1.208,6,C,c1ccc2c(c1)C(=O)N(C2=O)[C@@H]3CCC(=O)NC3=O
CRBN,5yj1,6EL,501,1,M,743,OAC,-78.822,-23.483,68.538,2.143,7,O,c1ccc2c(c1)C(=O)N(C2=O)[C@@H]3CCC(=O)NC3=O
CRBN,5yj1,6EL,501,1,M,744,CAO,-77.802,-26.186,66.887,3.623,9,C,c1ccc2c(c1)C(=O)N(C2=O)[C@@H]3CCC(=O)NC3=O
CRBN,5yj1,6EL,501,1,M,745,OAD,-77.02,-26.792,66.113,19.286,10,O,c1ccc2c(c1)C(=O)N(C2=O)[C@@H]3CCC(=O)NC3=O
CRBN,5yj1,6EL,501,1,M,746,CAQ,-78.365,-26.811,68.004,4.831,3,C,c1ccc2c(c1)C(=O)N(C2=O)[C@@H]3CCC(=O)NC3=O
CRBN,5yj1,6EL,501,1,M,747,CAP,-78.939,-25.798,68.751,3.623,4,C,c1ccc2c(c1)C(=O)N(C2=O)[C@@H]3CCC(=O)NC3=O
CRBN,5yj1,6EL,501,1,M,748,CAH,-78.563,-28.14,68.358,30.191,2,C,c1ccc2c(c1)C(=O)N(C2=O)[C@@H]3CCC(=O)NC3=O
CRBN,5yj1,6EL,501,1,M,749,CAF,-79.32,-28.429,69.497,35.021,1,C,c1ccc2c(c1)C(=O)N(C2=O)[C@@H]3CCC(=O)NC3=O
CRBN,5yj1,6EL,501,1,M,750,CAE,-79.885,-27.399,70.254,31.398,0,C,c1ccc2c(c1)C(=O)N(C2=O)[C@@H]3CCC(=O)NC3=O
CRBN,5yj1,6EL,501,1,M,751,CAG,-79.706,-26.073,69.873,24.153,5,C,c1ccc2c(c1)C(=O)N(C2=O)[C@@H]3CCC(=O)NC3=O
CRBN,5yiz,EF2,501,1,t,766,O01,-76.217,-61.621,38.554,9.643,18,O,c1ccc2c(c1)C(=O)N(C2=O)[C@H]3CCC(=O)NC3=O
CRBN,5yiz,EF2,501,1,t,772,C07,-78.714,-59.073,37.994,1.208,12,C,c1ccc2c(c1)C(=O)N(C2=O)[C@H]3CCC(=O)NC3=O
CRBN,5yiz,EF2,501,1,t,775,C11,-72.145,-56.973,37.442,35.021,0,C,c1ccc2c(c1)C(=O)N(C2=O)[C@H]3CCC(=O)NC3=O
CRBN,5yiz,EF2,501,1,t,776,C12,-73.186,-57.018,38.368,26.568,5,C,c1ccc2c(c1)C(=O)N(C2=O)[C@H]3CCC(=O)NC3=O
CRBN,5yiz,EF2,501,1,t,777,C13,-74.3,-57.813,38.109,3.623,4,C,c1ccc2c(c1)C(=O)N(C2=O)[C@H]3CCC(=O)NC3=O
CRBN,5yiz,EF2,501,1,t,778,C14,-74.381,-58.546,36.929,4.831,3,C,c1ccc2c(c1)C(=O)N(C2=O)[C@H]3CCC(=O)NC3=O
CRBN,5yiz,EF2,501,1,t,779,O16,-75.818,-57.608,39.89,22.501,7,O,c1ccc2c(c1)C(=O)N(C2=O)[C@H]3CCC(=O)NC3=O
CRBN,5yiz,EF2,501,1,t,780,O18,-76.014,-60.006,36.126,1.071,10,O,c1ccc2c(c1)C(=O)N(C2=O)[C@H]3CCC(=O)NC3=O
CRBN,5yiz,EF2,501,1,t,781,C19,-73.307,-58.555,36.041,20.53,2,C,c1ccc2c(c1)C(=O)N(C2=O)[C@H]3CCC(=O)NC3=O
CRBN,5yiz,EF2,501,1,t,782,C20,-72.179,-57.777,36.304,36.229,1,C,c1ccc2c(c1)C(=O)N(C2=O)[C@H]3CCC(=O)NC3=O
CRBN,5yiz,EF2,501,1,t,784,C4,-75.459,-58.111,38.825,6.038,6,C,c1ccc2c(c1)C(=O)N(C2=O)[C@H]3CCC(=O)NC3=O
CRBN,5yj0,EF2,501,1,e,741,O01,-26.229,-34.227,-0.16,12.858,18,O,c1ccc2c(c1)C(=O)N(C2=O)[C@H]3CCC(=O)NC3=O
CRBN,5yj0,EF2,501,1,e,750,C11,-22.216,-30.27,-2.629,33.814,0,C,c1ccc2c(c1)C(=O)N(C2=O)[C@H]3CCC(=O)NC3=O
CRBN,5yj0,EF2,501,1,e,751,C12,-23.303,-31.106,-2.849,18.114,5,C,c1ccc2c(c1)C(=O)N(C2=O)[C@H]3CCC(=O)NC3=O
CRBN,5yj0,EF2,501,1,e,752,C13,-24.343,-31.128,-1.93,3.623,4,C,c1ccc2c(c1)C(=O)N(C2=O)[C@H]3CCC(=O)NC3=O
CRBN,5yj0,EF2,501,1,e,753,C14,-24.255,-30.386,-0.759,4.831,3,C,c1ccc2c(c1)C(=O)N(C2=O)[C@H]3CCC(=O)NC3=O
CRBN,5yj0,EF2,501,1,e,754,O16,-25.944,-32.613,-2.713,1.071,7,O,c1ccc2c(c1)C(=O)N(C2=O)[C@H]3CCC(=O)NC3=O
CRBN,5yj0,EF2,501,1,e,755,O18,-25.697,-30.179,1.052,20.358,10,O,c1ccc2c(c1)C(=O)N(C2=O)[C@H]3CCC(=O)NC3=O
CRBN,5yj0,EF2,501,1,e,756,C19,-23.176,-29.541,-0.541,27.775,2,C,c1ccc2c(c1)C(=O)N(C2=O)[C@H]3CCC(=O)NC3=O
CRBN,5yj0,EF2,501,1,e,757,C20,-22.161,-29.477,-1.488,35.021,1,C,c1ccc2c(c1)C(=O)N(C2=O)[C@H]3CCC(=O)NC3=O
CRBN,5yj0,EF2,501,1,e,758,C3,-25.423,-30.641,-0.054,4.831,9,C,c1ccc2c(c1)C(=O)N(C2=O)[C@H]3CCC(=O)NC3=O
CRBN,5yiz,EF2,501,1,A,762,O01,-18.737,39.074,2.025,10.715,18,O,c1ccc2c(c1)C(=O)N(C2=O)[C@H]3CCC(=O)NC3=O
CRBN,5yiz,EF2,501,1,A,768,C07,-19.756,36.774,4.586,1.208,12,C,c1ccc2c(c1)C(=O)N(C2=O)[C@H]3CCC(=O)NC3=O
CRBN,5yiz,EF2,501,1,A,771,C11,-17.528,42.974,6.469,37.436,0,C,c1ccc2c(c1)C(=O)N(C2=O)[C@H]3CCC(=O)NC3=O
CRBN,5yiz,EF2,501,1,A,772,C12,-18.515,42.256,5.798,22.945,5,C,c1ccc2c(c1)C(=O)N(C2=O)[C@H]3CCC(=O)NC3=O
CRBN,5yiz,EF2,501,1,A,773,C13,-18.291,40.927,5.449,2.415,4,C,c1ccc2c(c1)C(=O)N(C2=O)[C@H]3CCC(=O)NC3=O
CRBN,5yiz,EF2,501,1,A,774,C14,-17.076,40.321,5.753,7.246,3,C,c1ccc2c(c1)C(=O)N(C2=O)[C@H]3CCC(=O)NC3=O
CRBN,5yiz,EF2,501,1,A,775,O16,-20.169,40.163,4.324,1.071,7,O,c1ccc2c(c1)C(=O)N(C2=O)[C@H]3CCC(=O)NC3=O
CRBN,5yiz,EF2,501,1,A,776,O18,-16.301,38.153,5.301,19.286,10,O,c1ccc2c(c1)C(=O)N(C2=O)[C@H]3CCC(=O)NC3=O
CRBN,5yiz,EF2,501,1,A,777,C19,-16.097,41.023,6.453,32.606,2,C,c1ccc2c(c1)C(=O)N(C2=O)[C@H]3CCC(=O)NC3=O
CRBN,5yiz,EF2,501,1,A,778,C20,-16.321,42.357,6.793,37.436,1,C,c1ccc2c(c1)C(=O)N(C2=O)[C@H]3CCC(=O)NC3=O
CRBN,5yiz,EF2,501,1,A,779,C3,-17.19,39.006,5.309,6.038,9,C,c1ccc2c(c1)C(=O)N(C2=O)[C@H]3CCC(=O)NC3=O
CRBN,5yj0,EF2,501,1,M,741,O01,-75.632,-23.526,67.967,12.858,18,O,c1ccc2c(c1)C(=O)N(C2=O)[C@H]3CCC(=O)NC3=O
CRBN,5yj0,EF2,501,1,M,747,C07,-77.844,-23.492,65.097,1.208,12,C,c1ccc2c(c1)C(=O)N(C2=O)[C@H]3CCC(=O)NC3=O
CRBN,5yj0,EF2,501,1,M,750,C11,-79.931,-27.43,70.155,35.021,0,C,c1ccc2c(c1)C(=O)N(C2=O)[C@H]3CCC(=O)NC3=O
CRBN,5yj0,EF2,501,1,M,751,C12,-79.662,-26.128,69.751,22.945,5,C,c1ccc2c(c1)C(=O)N(C2=O)[C@H]3CCC(=O)NC3=O
CRBN,5yj0,EF2,501,1,M,752,C13,-78.889,-25.902,68.619,3.623,4,C,c1ccc2c(c1)C(=O)N(C2=O)[C@H]3CCC(=O)NC3=O
CRBN,5yj0,EF2,501,1,M,753,C14,-78.338,-26.98,67.936,3.623,3,C,c1ccc2c(c1)C(=O)N(C2=O)[C@H]3CCC(=O)NC3=O
CRBN,5yj0,EF2,501,1,M,754,O16,-78.71,-23.608,68.293,1.071,7,O,c1ccc2c(c1)C(=O)N(C2=O)[C@H]3CCC(=O)NC3=O
CRBN,5yj0,EF2,501,1,M,755,O18,-76.943,-27.085,66.081,21.429,10,O,c1ccc2c(c1)C(=O)N(C2=O)[C@H]3CCC(=O)NC3=O
CRBN,5yj0,EF2,501,1,M,756,C19,-78.606,-28.284,68.334,31.398,2,C,c1ccc2c(c1)C(=O)N(C2=O)[C@H]3CCC(=O)NC3=O
CRBN,5yj0,EF2,501,1,M,757,C20,-79.414,-28.505,69.442,35.021,1,C,c1ccc2c(c1)C(=O)N(C2=O)[C@H]3CCC(=O)NC3=O
CRBN,5yj0,EF2,501,1,M,758,C3,-77.618,-26.439,66.881,3.623,9,C,c1ccc2c(c1)C(=O)N(C2=O)[C@H]3CCC(=O)NC3=O
CRBN,5yj0,EF2,501,1,M,759,C4,-78.355,-24.758,68.031,1.208,6,C,c1ccc2c(c1)C(=O)N(C2=O)[C@H]3CCC(=O)NC3=O
CRBN,5yj1,6EL,501,1,D,754,O,-43.294,7.346,-13.003,11.786,18,O,c1ccc2c(c1)C(=O)N(C2=O)[C@@H]3CCC(=O)NC3=O
CRBN,5yj1,6EL,501,1,D,762,N,-43.029,9.826,-14.038,1.094,8,N,c1ccc2c(c1)C(=O)N(C2=O)[C@@H]3CCC(=O)NC3=O
CRBN,5yj1,6EL,501,1,D,763,CAN,-44.341,9.759,-14.206,1.208,6,C,c1ccc2c(c1)C(=O)N(C2=O)[C@@H]3CCC(=O)NC3=O
CRBN,5yj1,6EL,501,1,D,764,OAC,-45.123,9.882,-13.229,2.143,7,O,c1ccc2c(c1)C(=O)N(C2=O)[C@@H]3CCC(=O)NC3=O
CRBN,5yj1,6EL,501,1,D,765,CAO,-42.492,9.807,-15.265,4.831,9,C,c1ccc2c(c1)C(=O)N(C2=O)[C@@H]3CCC(=O)NC3=O
CRBN,5yj1,6EL,501,1,D,766,OAD,-41.264,9.901,-15.501,17.143,10,O,c1ccc2c(c1)C(=O)N(C2=O)[C@@H]3CCC(=O)NC3=O
CRBN,5yj1,6EL,501,1,D,767,CAQ,-43.48,10.146,-16.196,6.038,3,C,c1ccc2c(c1)C(=O)N(C2=O)[C@@H]3CCC(=O)NC3=O
CRBN,5yj1,6EL,501,1,D,768,CAP,-44.673,10.166,-15.488,4.831,4,C,c1ccc2c(c1)C(=O)N(C2=O)[C@@H]3CCC(=O)NC3=O
CRBN,5yj1,6EL,501,1,D,769,CAH,-43.491,10.253,-17.581,32.606,2,C,c1ccc2c(c1)C(=O)N(C2=O)[C@@H]3CCC(=O)NC3=O
CRBN,5yj1,6EL,501,1,D,770,CAF,-44.713,10.418,-18.235,35.021,1,C,c1ccc2c(c1)C(=O)N(C2=O)[C@@H]3CCC(=O)NC3=O
CRBN,5yj1,6EL,501,1,D,771,CAE,-45.912,10.408,-17.517,35.021,0,C,c1ccc2c(c1)C(=O)N(C2=O)[C@@H]3CCC(=O)NC3=O
CRBN,5yj1,6EL,501,1,D,772,CAG,-45.897,10.233,-16.137,25.36,5,C,c1ccc2c(c1)C(=O)N(C2=O)[C@@H]3CCC(=O)NC3=O
CRBN,5yj0,EF2,501,1,G,758,O01,-28.005,5.397,26.951,12.858,18,O,c1ccc2c(c1)C(=O)N(C2=O)[C@H]3CCC(=O)NC3=O
CRBN,5yj0,EF2,501,1,G,764,C07,-30.049,5.609,24.019,1.208,12,C,c1ccc2c(c1)C(=O)N(C2=O)[C@H]3CCC(=O)NC3=O
CRBN,5yj0,EF2,501,1,G,767,C11,-32.289,1.688,29.065,35.021,0,C,c1ccc2c(c1)C(=O)N(C2=O)[C@H]3CCC(=O)NC3=O
CRBN,5yj0,EF2,501,1,G,768,C12,-32.011,2.974,28.618,21.737,5,C,c1ccc2c(c1)C(=O)N(C2=O)[C@H]3CCC(=O)NC3=O
CRBN,5yj0,EF2,501,1,G,769,C13,-31.189,3.157,27.513,4.831,4,C,c1ccc2c(c1)C(=O)N(C2=O)[C@H]3CCC(=O)NC3=O
CRBN,5yj0,EF2,501,1,G,770,C14,-30.629,2.06,26.871,4.831,3,C,c1ccc2c(c1)C(=O)N(C2=O)[C@H]3CCC(=O)NC3=O
CRBN,5yj0,EF2,501,1,G,771,O16,-31.013,5.432,27.125,1.071,7,O,c1ccc2c(c1)C(=O)N(C2=O)[C@H]3CCC(=O)NC3=O
CRBN,5yj0,EF2,501,1,G,772,O18,-29.266,1.914,24.989,20.358,10,O,c1ccc2c(c1)C(=O)N(C2=O)[C@H]3CCC(=O)NC3=O
CRBN,5yj0,EF2,501,1,G,773,C19,-30.939,0.77,27.287,30.191,2,C,c1ccc2c(c1)C(=O)N(C2=O)[C@H]3CCC(=O)NC3=O
CRBN,5yj0,EF2,501,1,G,774,C20,-31.763,0.59,28.394,36.229,1,C,c1ccc2c(c1)C(=O)N(C2=O)[C@H]3CCC(=O)NC3=O
CRBN,5yj0,EF2,501,1,G,775,C3,-29.92,2.576,25.793,4.831,9,C,c1ccc2c(c1)C(=O)N(C2=O)[C@H]3CCC(=O)NC3=O
CRBN,5yj1,6EL,501,1,q,733,O,-42.508,-55.117,68.089,11.786,18,O,c1ccc2c(c1)C(=O)N(C2=O)[C@@H]3CCC(=O)NC3=O
CRBN,5yj1,6EL,501,1,q,742,CAN,-39.081,-55.595,67.112,4.831,6,C,c1ccc2c(c1)C(=O)N(C2=O)[C@@H]3CCC(=O)NC3=O
CRBN,5yj1,6EL,501,1,q,743,OAC,-38.768,-54.821,66.18,18.215,7,O,c1ccc2c(c1)C(=O)N(C2=O)[C@@H]3CCC(=O)NC3=O
CRBN,5yj1,6EL,501,1,q,745,OAD,-41.017,-57.849,68.607,1.071,10,O,c1ccc2c(c1)C(=O)N(C2=O)[C@@H]3CCC(=O)NC3=O
CRBN,5yj1,6EL,501,1,q,746,CAQ,-38.903,-56.902,68.893,3.623,3,C,c1ccc2c(c1)C(=O)N(C2=O)[C@@H]3CCC(=O)NC3=O
CRBN,5yj1,6EL,501,1,q,747,CAP,-38.209,-55.976,68.135,6.038,4,C,c1ccc2c(c1)C(=O)N(C2=O)[C@@H]3CCC(=O)NC3=O
CRBN,5yj1,6EL,501,1,q,748,CAH,-38.376,-57.425,70.063,24.153,2,C,c1ccc2c(c1)C(=O)N(C2=O)[C@@H]3CCC(=O)NC3=O
CRBN,5yj1,6EL,501,1,q,749,CAF,-37.102,-57.025,70.459,36.229,1,C,c1ccc2c(c1)C(=O)N(C2=O)[C@@H]3CCC(=O)NC3=O
CRBN,5yj1,6EL,501,1,q,750,CAE,-36.39,-56.1,69.695,37.436,0,C,c1ccc2c(c1)C(=O)N(C2=O)[C@@H]3CCC(=O)NC3=O
CRBN,5yj1,6EL,501,1,q,751,CAG,-36.966,-55.525,68.56,27.775,5,C,c1ccc2c(c1)C(=O)N(C2=O)[C@@H]3CCC(=O)NC3=O
CRBN,5yiz,EF2,501,1,b,733,O01,-58.309,-5.888,-1.653,12.858,18,O,c1ccc2c(c1)C(=O)N(C2=O)[C@H]3CCC(=O)NC3=O
CRBN,5yiz,EF2,501,1,b,741,N09,-60.636,-7.221,-2.308,1.094,8,N,c1ccc2c(c1)C(=O)N(C2=O)[C@H]3CCC(=O)NC3=O
CRBN,5yiz,EF2,501,1,b,742,C11,-63.471,-4.22,-4.288,35.021,0,C,c1ccc2c(c1)C(=O)N(C2=O)[C@H]3CCC(=O)NC3=O
CRBN,5yiz,EF2,501,1,b,743,C12,-62.202,-4.779,-4.435,21.737,5,C,c1ccc2c(c1)C(=O)N(C2=O)[C@H]3CCC(=O)NC3=O
CRBN,5yiz,EF2,501,1,b,744,C13,-61.732,-5.698,-3.496,2.415,4,C,c1ccc2c(c1)C(=O)N(C2=O)[C@H]3CCC(=O)NC3=O
CRBN,5yiz,EF2,501,1,b,745,C14,-62.533,-6.06,-2.422,7.246,3,C,c1ccc2c(c1)C(=O)N(C2=O)[C@H]3CCC(=O)NC3=O
CRBN,5yiz,EF2,501,1,b,746,O16,-59.644,-6.437,-4.17,3.214,7,O,c1ccc2c(c1)C(=O)N(C2=O)[C@H]3CCC(=O)NC3=O
CRBN,5yiz,EF2,501,1,b,747,O18,-62.103,-7.489,-0.619,21.429,10,O,c1ccc2c(c1)C(=O)N(C2=O)[C@H]3CCC(=O)NC3=O
CRBN,5yiz,EF2,501,1,b,748,C19,-63.779,-5.463,-2.245,30.191,2,C,c1ccc2c(c1)C(=O)N(C2=O)[C@H]3CCC(=O)NC3=O
CRBN,5yiz,EF2,501,1,b,749,C20,-64.261,-4.561,-3.192,35.021,1,C,c1ccc2c(c1)C(=O)N(C2=O)[C@H]3CCC(=O)NC3=O
CRBN,5yiz,EF2,501,1,b,750,C3,-61.756,-6.927,-1.655,7.246,9,C,c1ccc2c(c1)C(=O)N(C2=O)[C@H]3CCC(=O)NC3=O
CRBN,5yiz,EF2,501,1,G,758,O01,-28.002,5.483,26.922,9.643,18,O,c1ccc2c(c1)C(=O)N(C2=O)[C@H]3CCC(=O)NC3=O
CRBN,5yiz,EF2,501,1,G,764,C07,-29.911,5.53,23.876,1.208,12,C,c1ccc2c(c1)C(=O)N(C2=O)[C@H]3CCC(=O)NC3=O
CRBN,5yiz,EF2,501,1,G,767,C11,-32.079,1.692,29.137,33.814,0,C,c1ccc2c(c1)C(=O)N(C2=O)[C@H]3CCC(=O)NC3=O
CRBN,5yiz,EF2,501,1,G,768,C12,-31.821,2.985,28.679,21.737,5,C,c1ccc2c(c1)C(=O)N(C2=O)[C@H]3CCC(=O)NC3=O
CRBN,5yiz,EF2,501,1,G,769,C13,-31.064,3.17,27.525,3.623,4,C,c1ccc2c(c1)C(=O)N(C2=O)[C@H]3CCC(=O)NC3=O
CRBN,5yiz,EF2,501,1,G,770,C14,-30.551,2.073,26.84,6.038,3,C,c1ccc2c(c1)C(=O)N(C2=O)[C@H]3CCC(=O)NC3=O
CRBN,5yiz,EF2,501,1,G,771,O16,-30.86,5.453,27.178,1.071,7,O,c1ccc2c(c1)C(=O)N(C2=O)[C@H]3CCC(=O)NC3=O
CRBN,5yiz,EF2,501,1,G,772,O18,-29.24,1.943,24.907,19.286,10,O,c1ccc2c(c1)C(=O)N(C2=O)[C@H]3CCC(=O)NC3=O
CRBN,5yiz,EF2,501,1,G,773,C19,-30.797,0.78,27.296,28.983,2,C,c1ccc2c(c1)C(=O)N(C2=O)[C@H]3CCC(=O)NC3=O
CRBN,5yiz,EF2,501,1,G,774,C20,-31.564,0.598,28.445,35.021,1,C,c1ccc2c(c1)C(=O)N(C2=O)[C@H]3CCC(=O)NC3=O
CRBN,5yiz,EF2,501,1,G,775,C3,-29.831,2.594,25.77,6.038,9,C,c1ccc2c(c1)C(=O)N(C2=O)[C@H]3CCC(=O)NC3=O
CRBN,5yj1,6EL,501,1,e,733,O,-26.193,-34.247,-0.276,12.858,18,O,c1ccc2c(c1)C(=O)N(C2=O)[C@@H]3CCC(=O)NC3=O
CRBN,5yj1,6EL,501,1,e,742,CAN,-25.359,-30.737,-0.282,4.831,6,C,c1ccc2c(c1)C(=O)N(C2=O)[C@@H]3CCC(=O)NC3=O
CRBN,5yj1,6EL,501,1,e,743,OAC,-25.771,-30.244,0.794,18.215,7,O,c1ccc2c(c1)C(=O)N(C2=O)[C@@H]3CCC(=O)NC3=O
CRBN,5yj1,6EL,501,1,e,744,CAO,-25.349,-31.708,-2.185,1.208,9,C,c1ccc2c(c1)C(=O)N(C2=O)[C@@H]3CCC(=O)NC3=O
CRBN,5yj1,6EL,501,1,e,745,OAD,-25.658,-32.544,-3.065,2.143,10,O,c1ccc2c(c1)C(=O)N(C2=O)[C@@H]3CCC(=O)NC3=O
CRBN,5yj1,6EL,501,1,e,746,CAQ,-24.136,-31.046,-2.108,4.831,3,C,c1ccc2c(c1)C(=O)N(C2=O)[C@@H]3CCC(=O)NC3=O
CRBN,5yj1,6EL,501,1,e,747,CAP,-24.17,-30.351,-0.912,4.831,4,C,c1ccc2c(c1)C(=O)N(C2=O)[C@@H]3CCC(=O)NC3=O
CRBN,5yj1,6EL,501,1,e,748,CAH,-23.058,-30.95,-2.973,22.945,2,C,c1ccc2c(c1)C(=O)N(C2=O)[C@@H]3CCC(=O)NC3=O
CRBN,5yj1,6EL,501,1,e,749,CAF,-21.991,-30.127,-2.624,33.814,1,C,c1ccc2c(c1)C(=O)N(C2=O)[C@@H]3CCC(=O)NC3=O
CRBN,5yj1,6EL,501,1,e,750,CAE,-22.015,-29.424,-1.418,35.021,0,C,c1ccc2c(c1)C(=O)N(C2=O)[C@@H]3CCC(=O)NC3=O
CRBN,5yj1,6EL,501,1,e,751,CAG,-23.091,-29.561,-0.536,31.398,5,C,c1ccc2c(c1)C(=O)N(C2=O)[C@@H]3CCC(=O)NC3=O
CRBN,4ci1,EF2,1429,1,B,2996,C11,-1.16,1.494,12.472,20.53,0,C,c1ccc2c(c1)C(=O)N(C2=O)[C@H]3CCC(=O)NC3=O
CRBN,4ci1,EF2,1429,1,B,2997,C12,-0.521,2.751,12.388,15.699,5,C,c1ccc2c(c1)C(=O)N(C2=O)[C@H]3CCC(=O)NC3=O
CRBN,4ci1,EF2,1429,1,B,2999,C14,-2.505,3.704,13.476,1.208,3,C,c1ccc2c(c1)C(=O)N(C2=O)[C@H]3CCC(=O)NC3=O
CRBN,4ci1,EF2,1429,1,B,3000,O16,0.186,5.793,12.604,2.143,7,O,c1ccc2c(c1)C(=O)N(C2=O)[C@H]3CCC(=O)NC3=O
CRBN,4ci1,EF2,1429,1,B,3001,O18,-3.993,5.348,14.401,2.143,10,O,c1ccc2c(c1)C(=O)N(C2=O)[C@H]3CCC(=O)NC3=O
CRBN,4ci1,EF2,1429,1,B,3002,C19,-3.147,2.454,13.535,14.492,2,C,c1ccc2c(c1)C(=O)N(C2=O)[C@H]3CCC(=O)NC3=O
CRBN,4ci1,EF2,1429,1,B,3003,C20,-2.454,1.343,13.013,20.53,1,C,c1ccc2c(c1)C(=O)N(C2=O)[C@H]3CCC(=O)NC3=O
CRBN,5yj1,6EL,501,1,t,758,O,-76.326,-61.743,38.625,10.715,18,O,c1ccc2c(c1)C(=O)N(C2=O)[C@@H]3CCC(=O)NC3=O
CRBN,5yj1,6EL,501,1,t,767,CAN,-75.638,-58.313,38.744,4.831,6,C,c1ccc2c(c1)C(=O)N(C2=O)[C@@H]3CCC(=O)NC3=O
CRBN,5yj1,6EL,501,1,t,768,OAC,-76.061,-57.834,39.821,17.143,7,O,c1ccc2c(c1)C(=O)N(C2=O)[C@@H]3CCC(=O)NC3=O
CRBN,5yj1,6EL,501,1,t,769,CAO,-75.554,-59.39,36.896,1.208,9,C,c1ccc2c(c1)C(=O)N(C2=O)[C@@H]3CCC(=O)NC3=O
CRBN,5yj1,6EL,501,1,t,770,OAD,-75.881,-60.182,35.983,3.214,10,O,c1ccc2c(c1)C(=O)N(C2=O)[C@@H]3CCC(=O)NC3=O
CRBN,5yj1,6EL,501,1,t,771,CAQ,-74.367,-58.686,36.962,6.038,3,C,c1ccc2c(c1)C(=O)N(C2=O)[C@@H]3CCC(=O)NC3=O
CRBN,5yj1,6EL,501,1,t,772,CAP,-74.423,-57.973,38.148,3.623,4,C,c1ccc2c(c1)C(=O)N(C2=O)[C@@H]3CCC(=O)NC3=O
CRBN,5yj1,6EL,501,1,t,773,CAH,-73.26,-58.624,36.128,22.945,2,C,c1ccc2c(c1)C(=O)N(C2=O)[C@@H]3CCC(=O)NC3=O
CRBN,5yj1,6EL,501,1,t,774,CAF,-72.179,-57.837,36.514,35.021,1,C,c1ccc2c(c1)C(=O)N(C2=O)[C@@H]3CCC(=O)NC3=O
CRBN,5yj1,6EL,501,1,t,775,CAE,-72.23,-57.11,37.707,36.229,0,C,c1ccc2c(c1)C(=O)N(C2=O)[C@@H]3CCC(=O)NC3=O
CRBN,5yj1,6EL,501,1,t,776,CAG,-73.353,-57.179,38.536,31.398,5,C,c1ccc2c(c1)C(=O)N(C2=O)[C@@H]3CCC(=O)NC3=O
CRBN,5yj0,EF2,501,1,h,733,O01,-66.793,-48.257,-1.639,10.715,18,O,c1ccc2c(c1)C(=O)N(C2=O)[C@H]3CCC(=O)NC3=O
CRBN,5yj0,EF2,501,1,h,741,N09,-64.419,-49.668,-2.113,1.094,8,N,c1ccc2c(c1)C(=O)N(C2=O)[C@H]3CCC(=O)NC3=O
CRBN,5yj0,EF2,501,1,h,742,C11,-65.409,-53.7,-4.008,36.229,0,C,c1ccc2c(c1)C(=O)N(C2=O)[C@H]3CCC(=O)NC3=O
CRBN,5yj0,EF2,501,1,h,743,C12,-65.527,-52.335,-4.246,20.53,5,C,c1ccc2c(c1)C(=O)N(C2=O)[C@H]3CCC(=O)NC3=O
CRBN,5yj0,EF2,501,1,h,744,C13,-65.048,-51.428,-3.307,3.623,4,C,c1ccc2c(c1)C(=O)N(C2=O)[C@H]3CCC(=O)NC3=O
CRBN,5yj0,EF2,501,1,h,745,C14,-64.466,-51.888,-2.133,4.831,3,C,c1ccc2c(c1)C(=O)N(C2=O)[C@H]3CCC(=O)NC3=O
CRBN,5yj0,EF2,501,1,h,746,O16,-65.467,-49.28,-4.085,1.071,7,O,c1ccc2c(c1)C(=O)N(C2=O)[C@H]3CCC(=O)NC3=O
CRBN,5yj0,EF2,501,1,h,747,O18,-63.624,-50.756,-0.288,21.429,10,O,c1ccc2c(c1)C(=O)N(C2=O)[C@H]3CCC(=O)NC3=O
CRBN,5yj0,EF2,501,1,h,748,C19,-64.357,-53.251,-1.886,28.983,2,C,c1ccc2c(c1)C(=O)N(C2=O)[C@H]3CCC(=O)NC3=O
CRBN,5yj0,EF2,501,1,h,749,C20,-64.822,-54.157,-2.832,37.436,1,C,c1ccc2c(c1)C(=O)N(C2=O)[C@H]3CCC(=O)NC3=O
CRBN,5yj0,EF2,501,1,h,750,C3,-64.193,-50.754,-1.379,6.038,9,C,c1ccc2c(c1)C(=O)N(C2=O)[C@H]3CCC(=O)NC3=O
CRBN,5yj0,EF2,501,1,P,733,O01,-93.21,-23.156,28.795,13.929,18,O,c1ccc2c(c1)C(=O)N(C2=O)[C@H]3CCC(=O)NC3=O
CRBN,5yj0,EF2,501,1,P,742,C11,-96.271,-19.934,24.689,37.436,0,C,c1ccc2c(c1)C(=O)N(C2=O)[C@H]3CCC(=O)NC3=O
CRBN,5yj0,EF2,501,1,P,743,C12,-96.084,-20.253,26.029,22.945,5,C,c1ccc2c(c1)C(=O)N(C2=O)[C@H]3CCC(=O)NC3=O
CRBN,5yj0,EF2,501,1,P,744,C13,-94.796,-20.353,26.541,3.623,4,C,c1ccc2c(c1)C(=O)N(C2=O)[C@H]3CCC(=O)NC3=O
CRBN,5yj0,EF2,501,1,P,745,C14,-93.702,-20.201,25.7,3.623,3,C,c1ccc2c(c1)C(=O)N(C2=O)[C@H]3CCC(=O)NC3=O
CRBN,5yj0,EF2,501,1,P,746,O16,-94.954,-20.817,28.794,1.071,7,O,c1ccc2c(c1)C(=O)N(C2=O)[C@H]3CCC(=O)NC3=O
CRBN,5yj0,EF2,501,1,P,747,O18,-91.429,-20.389,26.111,19.286,10,O,c1ccc2c(c1)C(=O)N(C2=O)[C@H]3CCC(=O)NC3=O
CRBN,5yj0,EF2,501,1,P,748,C19,-93.884,-19.878,24.361,30.191,2,C,c1ccc2c(c1)C(=O)N(C2=O)[C@H]3CCC(=O)NC3=O
CRBN,5yj0,EF2,501,1,P,749,C20,-95.173,-19.73,23.861,35.021,1,C,c1ccc2c(c1)C(=O)N(C2=O)[C@H]3CCC(=O)NC3=O
CRBN,5yj0,EF2,501,1,P,750,C3,-92.584,-20.274,26.523,7.246,9,C,c1ccc2c(c1)C(=O)N(C2=O)[C@H]3CCC(=O)NC3=O
CRBN,5yj0,EF2,501,1,P,751,C4,-94.285,-20.795,27.76,1.208,6,C,c1ccc2c(c1)C(=O)N(C2=O)[C@H]3CCC(=O)NC3=O
CRBN,5yj0,EF2,501,1,D,762,O01,-43.302,7.39,-13.126,12.858,18,O,c1ccc2c(c1)C(=O)N(C2=O)[C@H]3CCC(=O)NC3=O
CRBN,5yj0,EF2,501,1,D,771,C11,-44.845,10.772,-18.161,35.021,0,C,c1ccc2c(c1)C(=O)N(C2=O)[C@H]3CCC(=O)NC3=O
CRBN,5yj0,EF2,501,1,D,772,C12,-43.594,10.539,-17.604,30.191,5,C,c1ccc2c(c1)C(=O)N(C2=O)[C@H]3CCC(=O)NC3=O
CRBN,5yj0,EF2,501,1,D,773,C13,-43.491,10.242,-16.251,4.831,4,C,c1ccc2c(c1)C(=O)N(C2=O)[C@H]3CCC(=O)NC3=O
CRBN,5yj0,EF2,501,1,D,774,C14,-44.624,10.223,-15.449,4.831,3,C,c1ccc2c(c1)C(=O)N(C2=O)[C@H]3CCC(=O)NC3=O
CRBN,5yj0,EF2,501,1,D,775,O16,-41.253,9.955,-15.74,19.286,7,O,c1ccc2c(c1)C(=O)N(C2=O)[C@H]3CCC(=O)NC3=O
CRBN,5yj0,EF2,501,1,D,776,O18,-44.91,9.822,-13.19,1.071,10,O,c1ccc2c(c1)C(=O)N(C2=O)[C@H]3CCC(=O)NC3=O
CRBN,5yj0,EF2,501,1,D,777,C19,-45.879,10.409,-16.014,24.153,2,C,c1ccc2c(c1)C(=O)N(C2=O)[C@H]3CCC(=O)NC3=O
CRBN,5yj0,EF2,501,1,D,778,C20,-45.987,10.694,-17.372,36.229,1,C,c1ccc2c(c1)C(=O)N(C2=O)[C@H]3CCC(=O)NC3=O
CRBN,5yj0,EF2,501,1,D,780,C4,-42.413,10.162,-15.378,7.246,6,C,c1ccc2c(c1)C(=O)N(C2=O)[C@H]3CCC(=O)NC3=O
CRBN,5yiz,EF2,501,1,e,741,O01,-26.161,-34.203,-0.306,11.786,18,O,c1ccc2c(c1)C(=O)N(C2=O)[C@H]3CCC(=O)NC3=O
CRBN,5yiz,EF2,501,1,e,750,C11,-22.076,-30.153,-2.668,33.814,0,C,c1ccc2c(c1)C(=O)N(C2=O)[C@H]3CCC(=O)NC3=O
CRBN,5yiz,EF2,501,1,e,751,C12,-23.175,-30.971,-2.917,19.322,5,C,c1ccc2c(c1)C(=O)N(C2=O)[C@H]3CCC(=O)NC3=O
CRBN,5yiz,EF2,501,1,e,752,C13,-24.24,-30.985,-2.024,4.831,4,C,c1ccc2c(c1)C(=O)N(C2=O)[C@H]3CCC(=O)NC3=O
CRBN,5yiz,EF2,501,1,e,753,C14,-24.165,-30.275,-0.831,3.623,3,C,c1ccc2c(c1)C(=O)N(C2=O)[C@H]3CCC(=O)NC3=O
CRBN,5yiz,EF2,501,1,e,754,O16,-25.81,-32.496,-2.835,1.071,7,O,c1ccc2c(c1)C(=O)N(C2=O)[C@H]3CCC(=O)NC3=O
CRBN,5yiz,EF2,501,1,e,755,O18,-25.636,-30.14,0.981,20.358,10,O,c1ccc2c(c1)C(=O)N(C2=O)[C@H]3CCC(=O)NC3=O
CRBN,5yiz,EF2,501,1,e,756,C19,-23.075,-29.441,-0.587,27.775,2,C,c1ccc2c(c1)C(=O)N(C2=O)[C@H]3CCC(=O)NC3=O
CRBN,5yiz,EF2,501,1,e,757,C20,-22.047,-29.36,-1.524,36.229,1,C,c1ccc2c(c1)C(=O)N(C2=O)[C@H]3CCC(=O)NC3=O
CRBN,5yiz,EF2,501,1,e,758,C3,-25.367,-30.511,-0.163,6.038,9,C,c1ccc2c(c1)C(=O)N(C2=O)[C@H]3CCC(=O)NC3=O
CRBN,5yj0,EF2,501,1,Y,741,O01,-25.308,4.488,28.352,10.715,18,O,c1ccc2c(c1)C(=O)N(C2=O)[C@H]3CCC(=O)NC3=O
CRBN,5yj0,EF2,501,1,Y,747,C07,-23.167,1.728,29.32,1.208,12,C,c1ccc2c(c1)C(=O)N(C2=O)[C@H]3CCC(=O)NC3=O
CRBN,5yj0,EF2,501,1,Y,750,C11,-20.991,5.328,24.024,31.398,0,C,c1ccc2c(c1)C(=O)N(C2=O)[C@H]3CCC(=O)NC3=O
CRBN,5yj0,EF2,501,1,Y,751,C12,-21.303,5.363,25.377,21.737,5,C,c1ccc2c(c1)C(=O)N(C2=O)[C@H]3CCC(=O)NC3=O
CRBN,5yj0,EF2,501,1,Y,752,C13,-22.071,4.347,25.929,3.623,4,C,c1ccc2c(c1)C(=O)N(C2=O)[C@H]3CCC(=O)NC3=O
CRBN,5yj0,EF2,501,1,Y,753,C14,-22.571,3.329,25.125,6.038,3,C,c1ccc2c(c1)C(=O)N(C2=O)[C@H]3CCC(=O)NC3=O
CRBN,5yj0,EF2,501,1,Y,754,O16,-22.327,4.815,28.186,1.071,7,O,c1ccc2c(c1)C(=O)N(C2=O)[C@H]3CCC(=O)NC3=O
CRBN,5yj0,EF2,501,1,Y,755,O18,-23.917,1.493,25.62,18.215,10,O,c1ccc2c(c1)C(=O)N(C2=O)[C@H]3CCC(=O)NC3=O
CRBN,5yj0,EF2,501,1,Y,756,C19,-22.268,3.295,23.769,28.983,2,C,c1ccc2c(c1)C(=O)N(C2=O)[C@H]3CCC(=O)NC3=O
CRBN,5yj0,EF2,501,1,Y,757,C20,-21.463,4.292,23.226,36.229,1,C,c1ccc2c(c1)C(=O)N(C2=O)[C@H]3CCC(=O)NC3=O
CRBN,5yj0,EF2,501,1,Y,758,C3,-23.331,2.52,25.961,4.831,9,C,c1ccc2c(c1)C(=O)N(C2=O)[C@H]3CCC(=O)NC3=O
CRBN,4tzu,Y70,505,1,B,735,C1,-71.126,-50.695,-40.719,30.191,5,C,c1cc2c(c(c1)N)C(=O)N(C2=O)[C@H]3CCC(=O)NC3=O
CRBN,4tzu,Y70,505,1,B,736,C2,-70.679,-49.41,-41.022,33.814,0,C,c1cc2c(c(c1)N)C(=O)N(C2=O)[C@H]3CCC(=O)NC3=O
CRBN,4tzu,Y70,505,1,B,737,C3,-70.105,-48.612,-40.034,20.53,1,C,c1cc2c(c(c1)N)C(=O)N(C2=O)[C@H]3CCC(=O)NC3=O
CRBN,4tzu,Y70,505,1,B,738,C4,-69.979,-49.111,-38.744,4.831,2,C,c1cc2c(c(c1)N)C(=O)N(C2=O)[C@H]3CCC(=O)NC3=O
CRBN,4tzu,Y70,505,1,B,739,C5,-70.422,-50.395,-38.439,4.831,3,C,c1cc2c(c(c1)N)C(=O)N(C2=O)[C@H]3CCC(=O)NC3=O
CRBN,4tzu,Y70,505,1,B,740,C6,-70.999,-51.191,-39.423,7.246,4,C,c1cc2c(c(c1)N)C(=O)N(C2=O)[C@H]3CCC(=O)NC3=O
CRBN,4tzu,Y70,505,1,B,743,C9,-70.152,-50.585,-37.085,4.831,7,C,c1cc2c(c(c1)N)C(=O)N(C2=O)[C@H]3CCC(=O)NC3=O
CRBN,4tzu,Y70,505,1,B,744,N10,-71.422,-52.417,-39.129,44.837,6,N,c1cc2c(c(c1)N)C(=O)N(C2=O)[C@H]3CCC(=O)NC3=O
CRBN,4tzu,Y70,505,1,B,745,O11,-70.413,-51.601,-36.44,13.929,8,O,c1cc2c(c(c1)N)C(=O)N(C2=O)[C@H]3CCC(=O)NC3=O
CRBN,4tzu,Y70,505,1,B,747,O13,-68.982,-47.462,-37.445,2.143,11,O,c1cc2c(c(c1)N)C(=O)N(C2=O)[C@H]3CCC(=O)NC3=O
CRBN,4tzu,Y70,505,1,B,753,O19,-70.954,-47.706,-35.047,15.0,19,O,c1cc2c(c(c1)N)C(=O)N(C2=O)[C@H]3CCC(=O)NC3=O
CRBN,5yj1,6EL,501,1,b,733,O,-58.381,-5.875,-1.642,12.858,18,O,c1ccc2c(c1)C(=O)N(C2=O)[C@@H]3CCC(=O)NC3=O
CRBN,5yj1,6EL,501,1,b,741,N,-60.671,-7.123,-2.477,1.094,8,N,c1ccc2c(c1)C(=O)N(C2=O)[C@@H]3CCC(=O)NC3=O
CRBN,5yj1,6EL,501,1,b,742,CAN,-61.773,-6.897,-1.745,4.831,6,C,c1ccc2c(c1)C(=O)N(C2=O)[C@@H]3CCC(=O)NC3=O
CRBN,5yj1,6EL,501,1,b,743,OAC,-62.097,-7.54,-0.719,18.215,7,O,c1ccc2c(c1)C(=O)N(C2=O)[C@@H]3CCC(=O)NC3=O
CRBN,5yj1,6EL,501,1,b,744,CAO,-60.683,-6.241,-3.461,1.208,9,C,c1ccc2c(c1)C(=O)N(C2=O)[C@@H]3CCC(=O)NC3=O
CRBN,5yj1,6EL,501,1,b,745,OAD,-59.865,-6.352,-4.406,3.214,10,O,c1ccc2c(c1)C(=O)N(C2=O)[C@@H]3CCC(=O)NC3=O
CRBN,5yj1,6EL,501,1,b,746,CAQ,-61.955,-5.712,-3.612,2.415,3,C,c1ccc2c(c1)C(=O)N(C2=O)[C@@H]3CCC(=O)NC3=O
CRBN,5yj1,6EL,501,1,b,747,CAP,-62.653,-6.095,-2.475,3.623,4,C,c1ccc2c(c1)C(=O)N(C2=O)[C@@H]3CCC(=O)NC3=O
CRBN,5yj1,6EL,501,1,b,748,CAH,-62.464,-4.759,-4.484,22.945,2,C,c1ccc2c(c1)C(=O)N(C2=O)[C@@H]3CCC(=O)NC3=O
CRBN,5yj1,6EL,501,1,b,749,CAF,-63.727,-4.228,-4.237,33.814,1,C,c1ccc2c(c1)C(=O)N(C2=O)[C@@H]3CCC(=O)NC3=O
CRBN,5yj1,6EL,501,1,b,750,CAE,-64.442,-4.621,-3.105,33.814,0,C,c1ccc2c(c1)C(=O)N(C2=O)[C@@H]3CCC(=O)NC3=O
CRBN,5yj1,6EL,501,1,b,751,CAG,-63.881,-5.511,-2.187,30.191,5,C,c1ccc2c(c1)C(=O)N(C2=O)[C@@H]3CCC(=O)NC3=O
CRBN,5yiz,EF2,501,1,S,733,O01,-7.706,-32.175,41.675,9.643,18,O,c1ccc2c(c1)C(=O)N(C2=O)[C@H]3CCC(=O)NC3=O
CRBN,5yiz,EF2,501,1,S,739,C07,-9.129,-30.157,44.303,1.208,12,C,c1ccc2c(c1)C(=O)N(C2=O)[C@H]3CCC(=O)NC3=O
CRBN,5yiz,EF2,501,1,S,742,C11,-4.623,-35.056,46.016,32.606,0,C,c1ccc2c(c1)C(=O)N(C2=O)[C@H]3CCC(=O)NC3=O
CRBN,5yiz,EF2,501,1,S,743,C12,-4.82,-33.887,45.28,24.153,5,C,c1ccc2c(c1)C(=O)N(C2=O)[C@H]3CCC(=O)NC3=O
CRBN,5yiz,EF2,501,1,S,744,C13,-6.113,-33.422,45.039,3.623,4,C,c1ccc2c(c1)C(=O)N(C2=O)[C@H]3CCC(=O)NC3=O
CRBN,5yiz,EF2,501,1,S,745,C14,-7.204,-34.136,45.519,4.831,3,C,c1ccc2c(c1)C(=O)N(C2=O)[C@H]3CCC(=O)NC3=O
CRBN,5yiz,EF2,501,1,S,747,O18,-9.5,-33.794,45.222,20.358,10,O,c1ccc2c(c1)C(=O)N(C2=O)[C@H]3CCC(=O)NC3=O
CRBN,5yiz,EF2,501,1,S,748,C19,-7.007,-35.33,46.212,30.191,2,C,c1ccc2c(c1)C(=O)N(C2=O)[C@H]3CCC(=O)NC3=O
CRBN,5yiz,EF2,501,1,S,749,C20,-5.717,-35.765,46.51,37.436,1,C,c1ccc2c(c1)C(=O)N(C2=O)[C@H]3CCC(=O)NC3=O
CRBN,5yiz,EF2,501,1,S,750,C3,-8.327,-33.492,45.002,6.038,9,C,c1ccc2c(c1)C(=O)N(C2=O)[C@H]3CCC(=O)NC3=O
CRBN,5yiz,EF2,501,1,S,751,C4,-6.635,-32.42,44.216,1.208,6,C,c1ccc2c(c1)C(=O)N(C2=O)[C@H]3CCC(=O)NC3=O
CRBN,5yj0,EF2,501,1,n,722,O01,-34.202,-69.441,28.247,11.786,18,O,c1ccc2c(c1)C(=O)N(C2=O)[C@H]3CCC(=O)NC3=O
CRBN,5yj0,EF2,501,1,n,731,C11,-36.175,-72.414,23.055,33.814,0,C,c1ccc2c(c1)C(=O)N(C2=O)[C@H]3CCC(=O)NC3=O
CRBN,5yj0,EF2,501,1,n,732,C12,-36.67,-71.24,23.607,30.191,5,C,c1ccc2c(c1)C(=O)N(C2=O)[C@H]3CCC(=O)NC3=O
CRBN,5yj0,EF2,501,1,n,733,C13,-36.504,-71.0,24.965,3.623,4,C,c1ccc2c(c1)C(=O)N(C2=O)[C@H]3CCC(=O)NC3=O
CRBN,5yj0,EF2,501,1,n,734,C14,-35.905,-71.951,25.78,2.415,3,C,c1ccc2c(c1)C(=O)N(C2=O)[C@H]3CCC(=O)NC3=O
CRBN,5yj0,EF2,501,1,n,735,O16,-37.39,-68.906,25.437,22.501,7,O,c1ccc2c(c1)C(=O)N(C2=O)[C@H]3CCC(=O)NC3=O
CRBN,5yj0,EF2,501,1,n,737,C19,-35.416,-73.131,25.23,20.53,2,C,c1ccc2c(c1)C(=O)N(C2=O)[C@H]3CCC(=O)NC3=O
CRBN,5yj0,EF2,501,1,n,738,C20,-35.55,-73.357,23.864,36.229,1,C,c1ccc2c(c1)C(=O)N(C2=O)[C@H]3CCC(=O)NC3=O
CRBN,5yj0,EF2,501,1,n,740,C4,-36.91,-69.976,25.809,4.831,6,C,c1ccc2c(c1)C(=O)N(C2=O)[C@H]3CCC(=O)NC3=O
CRBN,4tzc,EF2,505,1,D,858,O01,47.587,-34.84,-72.225,9.643,18,O,c1ccc2c(c1)C(=O)N(C2=O)[C@H]3CCC(=O)NC3=O
CRBN,4tzc,EF2,505,1,D,867,C11,49.419,-40.787,-72.115,35.021,0,C,c1ccc2c(c1)C(=O)N(C2=O)[C@H]3CCC(=O)NC3=O
CRBN,4tzc,EF2,505,1,D,868,C12,48.568,-39.854,-72.738,21.737,5,C,c1ccc2c(c1)C(=O)N(C2=O)[C@H]3CCC(=O)NC3=O
CRBN,4tzc,EF2,505,1,D,869,C13,49.099,-38.592,-72.933,3.623,4,C,c1ccc2c(c1)C(=O)N(C2=O)[C@H]3CCC(=O)NC3=O
CRBN,4tzc,EF2,505,1,D,870,C14,50.386,-38.276,-72.555,4.831,3,C,c1ccc2c(c1)C(=O)N(C2=O)[C@H]3CCC(=O)NC3=O
CRBN,4tzc,EF2,505,1,D,871,O16,47.241,-37.206,-74.069,1.071,7,O,c1ccc2c(c1)C(=O)N(C2=O)[C@H]3CCC(=O)NC3=O
CRBN,4tzc,EF2,505,1,D,872,O18,51.716,-36.108,-72.663,21.429,10,O,c1ccc2c(c1)C(=O)N(C2=O)[C@H]3CCC(=O)NC3=O
CRBN,4tzc,EF2,505,1,D,873,C19,51.25,-39.169,-71.928,28.983,2,C,c1ccc2c(c1)C(=O)N(C2=O)[C@H]3CCC(=O)NC3=O
CRBN,4tzc,EF2,505,1,D,874,C20,50.746,-40.459,-71.725,33.814,1,C,c1ccc2c(c1)C(=O)N(C2=O)[C@H]3CCC(=O)NC3=O
CRBN,4tzc,EF2,505,1,D,875,C3,50.523,-36.863,-72.941,4.831,9,C,c1ccc2c(c1)C(=O)N(C2=O)[C@H]3CCC(=O)NC3=O
CRBN,5yiz,EF2,501,1,Y,741,O01,-25.208,4.578,28.363,12.858,18,O,c1ccc2c(c1)C(=O)N(C2=O)[C@H]3CCC(=O)NC3=O
CRBN,5yiz,EF2,501,1,Y,747,C07,-23.028,1.806,29.284,1.208,12,C,c1ccc2c(c1)C(=O)N(C2=O)[C@H]3CCC(=O)NC3=O
CRBN,5yiz,EF2,501,1,Y,750,C11,-20.952,5.381,23.874,35.021,0,C,c1ccc2c(c1)C(=O)N(C2=O)[C@H]3CCC(=O)NC3=O
CRBN,5yiz,EF2,501,1,Y,751,C12,-21.219,5.427,25.237,22.945,5,C,c1ccc2c(c1)C(=O)N(C2=O)[C@H]3CCC(=O)NC3=O
CRBN,5yiz,EF2,501,1,Y,752,C13,-21.957,4.409,25.832,3.623,4,C,c1ccc2c(c1)C(=O)N(C2=O)[C@H]3CCC(=O)NC3=O
CRBN,5yiz,EF2,501,1,Y,753,C14,-22.469,3.376,25.052,6.038,3,C,c1ccc2c(c1)C(=O)N(C2=O)[C@H]3CCC(=O)NC3=O
CRBN,5yiz,EF2,501,1,Y,754,O16,-22.197,4.93,28.09,1.071,7,O,c1ccc2c(c1)C(=O)N(C2=O)[C@H]3CCC(=O)NC3=O
CRBN,5yiz,EF2,501,1,Y,755,O18,-23.771,1.523,25.607,18.215,10,O,c1ccc2c(c1)C(=O)N(C2=O)[C@H]3CCC(=O)NC3=O
CRBN,5yiz,EF2,501,1,Y,756,C19,-22.197,3.321,23.687,28.983,2,C,c1ccc2c(c1)C(=O)N(C2=O)[C@H]3CCC(=O)NC3=O
CRBN,5yiz,EF2,501,1,Y,757,C20,-21.391,4.303,23.112,37.436,1,C,c1ccc2c(c1)C(=O)N(C2=O)[C@H]3CCC(=O)NC3=O
CRBN,5yiz,EF2,501,1,Y,758,C3,-23.176,2.553,25.927,3.623,9,C,c1ccc2c(c1)C(=O)N(C2=O)[C@H]3CCC(=O)NC3=O
CRBN,5yiz,EF2,501,1,V,733,O01,-32.042,-8.781,68.432,11.786,18,O,c1ccc2c(c1)C(=O)N(C2=O)[C@H]3CCC(=O)NC3=O
CRBN,5yiz,EF2,501,1,V,742,C11,-33.325,-3.393,70.706,36.229,0,C,c1ccc2c(c1)C(=O)N(C2=O)[C@H]3CCC(=O)NC3=O
CRBN,5yiz,EF2,501,1,V,743,C12,-32.337,-4.254,70.233,20.53,5,C,c1ccc2c(c1)C(=O)N(C2=O)[C@H]3CCC(=O)NC3=O
CRBN,5yiz,EF2,501,1,V,744,C13,-32.563,-4.987,69.072,3.623,4,C,c1ccc2c(c1)C(=O)N(C2=O)[C@H]3CCC(=O)NC3=O
CRBN,5yiz,EF2,501,1,V,745,C14,-33.773,-4.859,68.397,3.623,3,C,c1ccc2c(c1)C(=O)N(C2=O)[C@H]3CCC(=O)NC3=O
CRBN,5yiz,EF2,501,1,V,747,O18,-34.6,-5.922,66.499,21.429,10,O,c1ccc2c(c1)C(=O)N(C2=O)[C@H]3CCC(=O)NC3=O
CRBN,5yiz,EF2,501,1,V,748,C19,-34.771,-4.018,68.88,30.191,2,C,c1ccc2c(c1)C(=O)N(C2=O)[C@H]3CCC(=O)NC3=O
CRBN,5yiz,EF2,501,1,V,749,C20,-34.548,-3.288,70.045,32.606,1,C,c1ccc2c(c1)C(=O)N(C2=O)[C@H]3CCC(=O)NC3=O
CRBN,5yiz,EF2,501,1,V,750,C3,-33.726,-5.784,67.357,3.623,9,C,c1ccc2c(c1)C(=O)N(C2=O)[C@H]3CCC(=O)NC3=O
CRBN,5yiz,EF2,501,1,V,751,C4,-31.848,-5.982,68.403,1.208,6,C,c1ccc2c(c1)C(=O)N(C2=O)[C@H]3CCC(=O)NC3=O
CRBN,5yj1,6EL,501,1,Y,733,O,-25.208,4.577,28.414,12.858,18,O,c1ccc2c(c1)C(=O)N(C2=O)[C@@H]3CCC(=O)NC3=O
CRBN,5yj1,6EL,501,1,Y,742,CAN,-23.07,2.604,26.092,6.038,6,C,c1ccc2c(c1)C(=O)N(C2=O)[C@@H]3CCC(=O)NC3=O
CRBN,5yj1,6EL,501,1,Y,743,OAC,-23.85,1.66,25.811,17.143,7,O,c1ccc2c(c1)C(=O)N(C2=O)[C@@H]3CCC(=O)NC3=O
CRBN,5yj1,6EL,501,1,Y,744,CAO,-22.162,4.224,27.138,1.208,9,C,c1ccc2c(c1)C(=O)N(C2=O)[C@@H]3CCC(=O)NC3=O
CRBN,5yj1,6EL,501,1,Y,745,OAD,-22.002,5.068,28.051,2.143,10,O,c1ccc2c(c1)C(=O)N(C2=O)[C@@H]3CCC(=O)NC3=O
CRBN,5yj1,6EL,501,1,Y,746,CAQ,-21.898,4.467,25.802,2.415,3,C,c1ccc2c(c1)C(=O)N(C2=O)[C@@H]3CCC(=O)NC3=O
CRBN,5yj1,6EL,501,1,Y,747,CAP,-22.486,3.42,25.115,6.038,4,C,c1ccc2c(c1)C(=O)N(C2=O)[C@@H]3CCC(=O)NC3=O
CRBN,5yj1,6EL,501,1,Y,748,CAH,-21.118,5.414,25.157,24.153,2,C,c1ccc2c(c1)C(=O)N(C2=O)[C@@H]3CCC(=O)NC3=O
CRBN,5yj1,6EL,501,1,Y,749,CAF,-20.939,5.305,23.782,33.814,1,C,c1ccc2c(c1)C(=O)N(C2=O)[C@@H]3CCC(=O)NC3=O
CRBN,5yj1,6EL,501,1,Y,750,CAE,-21.528,4.251,23.08,37.436,0,C,c1ccc2c(c1)C(=O)N(C2=O)[C@@H]3CCC(=O)NC3=O
CRBN,5yj1,6EL,501,1,Y,751,CAG,-22.31,3.301,23.742,30.191,5,C,c1ccc2c(c1)C(=O)N(C2=O)[C@@H]3CCC(=O)NC3=O
CRBN,5yj0,EF2,501,1,A,762,O01,-18.683,39.168,2.026,11.786,18,O,c1ccc2c(c1)C(=O)N(C2=O)[C@H]3CCC(=O)NC3=O
CRBN,5yj0,EF2,501,1,A,768,C07,-19.866,36.93,4.575,1.208,12,C,c1ccc2c(c1)C(=O)N(C2=O)[C@H]3CCC(=O)NC3=O
CRBN,5yj0,EF2,501,1,A,770,N09,-18.408,38.891,4.766,1.094,8,N,c1ccc2c(c1)C(=O)N(C2=O)[C@H]3CCC(=O)NC3=O
CRBN,5yj0,EF2,501,1,A,771,C11,-17.637,42.976,6.613,35.021,0,C,c1ccc2c(c1)C(=O)N(C2=O)[C@H]3CCC(=O)NC3=O
CRBN,5yj0,EF2,501,1,A,772,C12,-18.601,42.276,5.898,21.737,5,C,c1ccc2c(c1)C(=O)N(C2=O)[C@H]3CCC(=O)NC3=O
CRBN,5yj0,EF2,501,1,A,773,C13,-18.351,40.966,5.514,2.415,4,C,c1ccc2c(c1)C(=O)N(C2=O)[C@H]3CCC(=O)NC3=O
CRBN,5yj0,EF2,501,1,A,774,C14,-17.133,40.371,5.813,6.038,3,C,c1ccc2c(c1)C(=O)N(C2=O)[C@H]3CCC(=O)NC3=O
CRBN,5yj0,EF2,501,1,A,775,O16,-20.21,40.203,4.36,1.071,7,O,c1ccc2c(c1)C(=O)N(C2=O)[C@H]3CCC(=O)NC3=O
CRBN,5yj0,EF2,501,1,A,776,O18,-16.317,38.238,5.371,19.286,10,O,c1ccc2c(c1)C(=O)N(C2=O)[C@H]3CCC(=O)NC3=O
CRBN,5yj0,EF2,501,1,A,777,C19,-16.182,41.051,6.564,28.983,2,C,c1ccc2c(c1)C(=O)N(C2=O)[C@H]3CCC(=O)NC3=O
CRBN,5yj0,EF2,501,1,A,778,C20,-16.436,42.362,6.955,36.229,1,C,c1ccc2c(c1)C(=O)N(C2=O)[C@H]3CCC(=O)NC3=O
CRBN,5yj0,EF2,501,1,A,779,C3,-17.22,39.073,5.332,6.038,9,C,c1ccc2c(c1)C(=O)N(C2=O)[C@H]3CCC(=O)NC3=O
CRBN,5yj1,6EL,501,1,P,733,O,-93.088,-23.14,28.809,11.786,18,O,c1ccc2c(c1)C(=O)N(C2=O)[C@@H]3CCC(=O)NC3=O
CRBN,5yj1,6EL,501,1,P,742,CAN,-94.379,-20.707,27.674,1.208,6,C,c1ccc2c(c1)C(=O)N(C2=O)[C@@H]3CCC(=O)NC3=O
CRBN,5yj1,6EL,501,1,P,743,OAC,-95.06,-20.559,28.724,1.071,7,O,c1ccc2c(c1)C(=O)N(C2=O)[C@@H]3CCC(=O)NC3=O
CRBN,5yj1,6EL,501,1,P,744,CAO,-92.594,-20.352,26.542,7.246,9,C,c1ccc2c(c1)C(=O)N(C2=O)[C@@H]3CCC(=O)NC3=O
CRBN,5yj1,6EL,501,1,P,745,OAD,-91.394,-20.445,26.194,18.215,10,O,c1ccc2c(c1)C(=O)N(C2=O)[C@@H]3CCC(=O)NC3=O
CRBN,5yj1,6EL,501,1,P,746,CAQ,-93.656,-20.092,25.674,6.038,3,C,c1ccc2c(c1)C(=O)N(C2=O)[C@@H]3CCC(=O)NC3=O
CRBN,5yj1,6EL,501,1,P,747,CAP,-94.8,-20.185,26.45,4.831,4,C,c1ccc2c(c1)C(=O)N(C2=O)[C@@H]3CCC(=O)NC3=O
CRBN,5yj1,6EL,501,1,P,748,CAH,-93.759,-19.925,24.299,30.191,2,C,c1ccc2c(c1)C(=O)N(C2=O)[C@@H]3CCC(=O)NC3=O
CRBN,5yj1,6EL,501,1,P,749,CAF,-95.018,-19.721,23.733,33.814,1,C,c1ccc2c(c1)C(=O)N(C2=O)[C@@H]3CCC(=O)NC3=O
CRBN,5yj1,6EL,501,1,P,750,CAE,-96.169,-19.817,24.518,36.229,0,C,c1ccc2c(c1)C(=O)N(C2=O)[C@@H]3CCC(=O)NC3=O
CRBN,5yj1,6EL,501,1,P,751,CAG,-96.062,-20.084,25.88,24.153,5,C,c1ccc2c(c1)C(=O)N(C2=O)[C@@H]3CCC(=O)NC3=O
CRBN,4ci2,LVY,1429,1,B,2985,C7,84.106,152.712,13.165,2.415,2,C,c1cc2c(c(c1)N)CN(C2=O)[C@H]3CCC(=O)NC3=O
CRBN,4ci2,LVY,1429,1,B,2989,C11,83.502,154.007,13.641,1.208,9,C,c1cc2c(c(c1)N)CN(C2=O)[C@H]3CCC(=O)NC3=O
CRBN,4ci2,LVY,1429,1,B,2990,C12,84.453,150.404,12.599,16.907,0,C,c1cc2c(c(c1)N)CN(C2=O)[C@H]3CCC(=O)NC3=O
CRBN,4ci2,LVY,1429,1,B,2991,C13,85.79,150.71,12.234,21.737,5,C,c1cc2c(c(c1)N)CN(C2=O)[C@H]3CCC(=O)NC3=O
CRBN,4ci2,LVY,1429,1,B,2992,C14,86.3,152.026,12.319,1.208,4,C,c1cc2c(c(c1)N)CN(C2=O)[C@H]3CCC(=O)NC3=O
CRBN,4ci2,LVY,1429,1,B,2993,C15,83.58,151.414,13.063,15.699,1,C,c1cc2c(c(c1)N)CN(C2=O)[C@H]3CCC(=O)NC3=O
CRBN,4ci2,LVY,1429,1,B,2994,O16,82.33,154.09,14.04,4.286,10,O,c1cc2c(c(c1)N)CN(C2=O)[C@H]3CCC(=O)NC3=O
CRBN,4ci2,LVY,1429,1,B,2995,N17,87.576,152.361,11.975,24.059,6,N,c1cc2c(c(c1)N)CN(C2=O)[C@H]3CCC(=O)NC3=O
